0	1	2	3
chr1	3000000	3100000	late
chr1	4750000	4850000	early
chr1	6150000	6350000	latemid
chr1	7000000	7300000	earlymid
chr1	9700000	10100000	early
chr1	11250000	11500000	early
chr1	13000000	13200000	early
chr1	13550000	13750000	early
chr1	14550000	14750000	earlymid
chr1	15700000	15900000	earlymid
chr1	16600000	16700000	early
chr1	17150000	17300000	earlymid
chr1	21200000	21300000	early
chr1	22400000	22600000	latemid
chr1	23250000	23400000	late
chr1	23900000	24050000	earlymid
chr1	30800000	30900000	early
chr1	33900000	34200000	early
chr1	35950000	36150000	early
chr1	36500000	36700000	early
chr1	36950000	37000000	early
chr1	38050000	38150000	early
chr1	39350000	39450000	early
chr1	39800000	39900000	early
chr1	42800000	43200000	earlymid
chr1	43850000	44100000	early
chr1	45250000	45500000	late
chr1	45800000	45900000	latemid
chr1	46750000	47000000	latemid
chr1	51700000	52300000	earlymid
chr1	52750000	52800000	earlymid
chr1	53700000	53900000	early
chr1	54350000	54600000	earlymid
chr1	55000000	55200000	early
chr1	57300000	57500000	earlymid
chr1	57950000	58050000	early
chr1	58400000	58500000	early
chr1	59600000	59850000	early
chr1	60050000	60150000	early
chr1	60350000	60400000	early
chr1	60800000	60850000	early
chr1	63050000	63300000	early
chr1	64650000	64850000	early
chr1	64950000	65150000	early
chr1	66650000	66800000	early
chr1	71600000	71700000	early
chr1	72150000	72350000	early
chr1	72750000	72850000	early
chr1	74000000	74150000	early
chr1	74300000	74400000	early
chr1	75050000	75300000	early
chr1	77400000	77500000	early
chr1	78550000	78700000	early
chr1	79650000	79850000	earlymid
chr1	80200000	80400000	earlymid
chr1	82800000	82850000	early
chr1	84750000	84950000	early
chr1	86250000	86600000	early
chr1	87200000	87350000	early
chr1	87650000	87850000	early
chr1	89000000	89150000	early
chr1	89850000	90000000	early
chr1	91300000	91450000	earlymid
chr1	92150000	92300000	early
chr1	93500000	93800000	early
chr1	95600000	95850000	late
chr1	96800000	97000000	latemid
chr1	97750000	97800000	latemid
chr1	101700000	101800000	latemid
chr1	105750000	106200000	earlymid
chr1	107950000	108100000	late
chr1	112150000	112500000	late
chr1	113850000	114100000	latemid
chr1	117400000	117500000	earlymid
chr1	118500000	118750000	early
chr1	119000000	119150000	early
chr1	119500000	119650000	early
chr1	121300000	121550000	latemid
chr1	125450000	125600000	earlymid
chr1	127150000	127200000	earlymid
chr1	128200000	128250000	early
chr1	131100000	131200000	early
chr1	131800000	132050000	early
chr1	132200000	132500000	early
chr1	133000000	133150000	early
chr1	133600000	133750000	early
chr1	134350000	134650000	early
chr1	135100000	135800000	early
chr1	136550000	136750000	early
chr1	136950000	137000000	early
chr1	138850000	139050000	earlymid
chr1	139350000	139550000	earlymid
chr1	140150000	140300000	early
chr1	143650000	143800000	early
chr1	146300000	146450000	latemid
chr1	150450000	150500000	earlymid
chr1	151450000	151550000	early
chr1	152800000	152900000	early
chr1	153350000	153550000	early
chr1	154050000	154100000	earlymid
chr1	155000000	155250000	early
chr1	156000000	156150000	early
chr1	156650000	156700000	early
chr1	156900000	157050000	early
chr1	157350000	157500000	early
chr1	159250000	159400000	earlymid
chr1	160150000	160250000	earlymid
chr1	161000000	161100000	early
chr1	161750000	162000000	earlymid
chr1	162500000	162750000	earlymid
chr1	163900000	164050000	early
chr1	164450000	164500000	early
chr1	166050000	166200000	early
chr1	167250000	167350000	early
chr1	168350000	168450000	late
chr1	170150000	170200000	earlymid
chr1	171250000	171550000	early
chr1	172050000	172150000	early
chr1	173300000	173450000	latemid
chr1	174450000	174500000	early
chr1	175600000	175850000	latemid
chr1	176600000	176800000	early
chr1	177250000	177300000	earlymid
chr1	177650000	177850000	early
chr1	178250000	178450000	early
chr1	179250000	179300000	early
chr1	179450000	179600000	early
chr1	180200000	180350000	early
chr1	180750000	181000000	early
chr1	181950000	182150000	early
chr1	183200000	183450000	earlymid
chr1	184800000	184950000	early
chr1	185250000	185400000	early
chr1	186500000	186700000	earlymid
chr1	187100000	187350000	latemid
chr1	188950000	189100000	earlymid
chr1	189700000	189850000	earlymid
chr1	190900000	191150000	early
chr1	191850000	191950000	early
chr1	192700000	192950000	earlymid
chr1	193000000	193150000	earlymid
chr1	195400000	195450000	early
chr2	3400000	3550000	early
chr2	4500000	4650000	early
chr2	4950000	5000000	early
chr2	5700000	6050000	early
chr2	10000000	10050000	early
chr2	10250000	10400000	early
chr2	11500000	11600000	early
chr2	12300000	12500000	earlymid
chr2	13550000	13700000	earlymid
chr2	13800000	14200000	earlymid
chr2	14750000	14950000	latemid
chr2	15900000	16050000	latemid
chr2	17900000	18150000	early
chr2	18950000	19050000	earlymid
chr2	20500000	20800000	early
chr2	23000000	23100000	early
chr2	24900000	25000000	early
chr2	25150000	25350000	early
chr2	26000000	26200000	early
chr2	26500000	26700000	early
chr2	27400000	27550000	early
chr2	28450000	28600000	early
chr2	28950000	29200000	early
chr2	29650000	30500000	early
chr2	30700000	31250000	early
chr2	31450000	31800000	early
chr2	32000000	32300000	early
chr2	32550000	33150000	early
chr2	33350000	33500000	early
chr2	34650000	34900000	early
chr2	35450000	35550000	early
chr2	36000000	36200000	earlymid
chr2	37400000	37550000	early
chr2	38300000	38800000	early
chr2	39100000	39250000	early
chr2	40950000	41250000	late
chr2	41400000	41600000	late
chr2	41700000	41800000	early
chr2	44500000	44600000	earlymid
chr2	49300000	49650000	early
chr2	51000000	51150000	earlymid
chr2	52000000	52150000	early
chr2	52800000	52900000	early
chr2	52950000	53000000	early
chr2	55100000	55250000	late
chr2	57150000	57250000	early
chr2	58550000	58650000	early
chr2	59350000	59450000	early
chr2	59950000	60450000	early
chr2	61600000	61800000	earlymid
chr2	65400000	65500000	early
chr2	68800000	68850000	early
chr2	69850000	69950000	early
chr2	71150000	71450000	early
chr2	71700000	71850000	early
chr2	72450000	72500000	early
chr2	73000000	73050000	early
chr2	73700000	73950000	early
chr2	74550000	74800000	earlymid
chr2	75550000	75800000	early
chr2	76400000	76450000	early
chr2	77100000	77200000	early
chr2	79400000	79600000	earlymid
chr2	80500000	80700000	early
chr2	83650000	83750000	early
chr2	84650000	84800000	early
chr2	86350000	86450000	late
chr2	87500000	87650000	early
chr2	88400000	88450000	late
chr2	89250000	89350000	early
chr2	89500000	89550000	early
chr2	90700000	91050000	early
chr2	91500000	91950000	early
chr2	92300000	92500000	early
chr2	93850000	93950000	early
chr2	101650000	102300000	earlymid
chr2	103750000	103850000	early
chr2	104050000	104150000	early
chr2	104550000	104850000	early
chr2	105550000	105800000	earlymid
chr2	106650000	106700000	latemid
chr2	109900000	110050000	early
chr2	112300000	112500000	early
chr2	113350000	113450000	latemid
chr2	114100000	114250000	earlymid
chr2	115750000	115900000	early
chr2	116900000	117200000	earlymid
chr2	119050000	120000000	early
chr2	120500000	120900000	early
chr2	121350000	121550000	early
chr2	121900000	122100000	early
chr2	125100000	125300000	earlymid
chr2	125750000	125900000	earlymid
chr2	127000000	127250000	early
chr2	127600000	127800000	early
chr2	129100000	129250000	early
chr2	130600000	130750000	early
chr2	131200000	131250000	early
chr2	132150000	132250000	early
chr2	132550000	132800000	early
chr2	135500000	135700000	early
chr2	136750000	136850000	latemid
chr2	138200000	138300000	late
chr2	140000000	140150000	early
chr2	142850000	143100000	latemid
chr2	144200000	144300000	early
chr2	146450000	146650000	early
chr2	146950000	147100000	early
chr2	148800000	148900000	earlymid
chr2	150800000	151000000	early
chr2	151500000	151600000	early
chr2	152200000	152400000	early
chr2	152700000	152850000	early
chr2	153150000	153650000	early
chr2	154300000	154700000	early
chr2	154800000	155750000	early
chr2	156000000	156500000	early
chr2	156700000	156900000	early
chr2	157250000	157550000	early
chr2	157850000	158000000	early
chr2	158100000	158200000	early
chr2	158700000	158900000	early
chr2	160750000	160950000	early
chr2	162950000	163100000	early
chr2	163550000	163700000	early
chr2	163950000	164100000	early
chr2	164400000	164550000	early
chr2	164700000	164950000	early
chr2	165800000	166250000	early
chr2	166700000	167100000	early
chr2	167300000	167600000	early
chr2	168050000	168250000	early
chr2	168850000	169000000	early
chr2	170100000	170250000	early
chr2	172500000	172650000	early
chr2	173650000	173800000	earlymid
chr2	174150000	174300000	earlymid
chr2	175150000	175200000	early
chr2	177000000	177400000	early
chr2	177600000	177700000	early
chr2	177750000	177800000	early
chr2	179450000	179600000	early
chr2	180000000	180300000	early
chr2	180650000	180750000	early
chr2	181300000	181350000	early
chr2	181500000	181650000	early
chr2	182050000	182100000	early
chr3	7400000	8100000	latemid
chr3	8950000	9100000	early
chr3	9550000	9700000	early
chr3	10300000	10400000	early
chr3	11150000	11250000	latemid
chr3	14600000	14650000	earlymid
chr3	14900000	15100000	earlymid
chr3	16100000	16300000	latemid
chr3	18600000	18750000	earlymid
chr3	19100000	19250000	earlymid
chr3	19950000	20200000	earlymid
chr3	21950000	22150000	early
chr3	23200000	23400000	late
chr3	27100000	27200000	early
chr3	27650000	27850000	early
chr3	28700000	28850000	earlymid
chr3	30600000	30950000	early
chr3	32450000	32800000	early
chr3	33950000	34050000	early
chr3	34650000	34800000	early
chr3	35650000	35950000	early
chr3	36550000	36900000	earlymid
chr3	37600000	37650000	early
chr3	41450000	41600000	early
chr3	45200000	45400000	late
chr3	51350000	51450000	early
chr3	52300000	52450000	earlymid
chr3	53450000	53600000	latemid
chr3	54600000	54900000	earlymid
chr3	57500000	57750000	early
chr3	58450000	58650000	early
chr3	59600000	59700000	latemid
chr3	59850000	59950000	late
chr3	60300000	60350000	latemid
chr3	60450000	60550000	latemid
chr3	61250000	61500000	late
chr3	62200000	62450000	latemid
chr3	63200000	63300000	early
chr3	63850000	64000000	earlymid
chr3	65350000	65600000	early
chr3	66950000	67000000	earlymid
chr3	67400000	67550000	earlymid
chr3	68450000	68550000	early
chr3	68950000	69100000	early
chr3	69600000	69700000	early
chr3	75550000	75750000	earlymid
chr3	78950000	79100000	early
chr3	79450000	79650000	early
chr3	80900000	81100000	earlymid
chr3	82350000	82500000	latemid
chr3	82950000	83150000	latemid
chr3	84000000	84350000	early
chr3	85950000	86300000	early
chr3	86850000	87000000	early
chr3	87850000	88000000	early
chr3	88200000	89500000	early
chr3	89750000	90550000	early
chr3	93450000	93650000	earlymid
chr3	94950000	95300000	early
chr3	95550000	95850000	early
chr3	96450000	96800000	early
chr3	97550000	97600000	early
chr3	99100000	99300000	late
chr3	101300000	101450000	early
chr3	102100000	102200000	early
chr3	103050000	103250000	early
chr3	103700000	103950000	early
chr3	104200000	104250000	early
chr3	104750000	104850000	early
chr3	105700000	105950000	earlymid
chr3	106450000	106650000	latemid
chr3	107300000	107400000	early
chr3	107650000	107700000	early
chr3	108000000	108100000	early
chr3	111300000	111400000	late
chr3	112100000	112300000	latemid
chr3	113050000	113300000	late
chr3	113500000	113700000	latemid
chr3	115750000	116000000	earlymid
chr3	116650000	116750000	early
chr3	118950000	119300000	late
chr3	119650000	119850000	late
chr3	121450000	121500000	early
chr3	122550000	122650000	early
chr3	122900000	123200000	early
chr3	127400000	127600000	early
chr3	129500000	129600000	early
chr3	130600000	130900000	earlymid
chr3	131100000	131450000	earlymid
chr3	132850000	133000000	early
chr3	133500000	133600000	early
chr3	135450000	135500000	early
chr3	136600000	136700000	latemid
chr3	137800000	137900000	early
chr3	138700000	138750000	early
chr3	142700000	142850000	early
chr3	144400000	144750000	earlymid
chr3	145650000	146000000	earlymid
chr3	146400000	146600000	earlymid
chr3	148700000	149150000	late
chr3	152300000	152450000	early
chr3	153350000	153400000	early
chr3	153750000	154000000	early
chr3	155750000	155850000	late
chr3	156250000	156450000	late
chr3	156500000	156550000	late
chr3	157900000	158000000	early
chr4	3750000	3850000	early
chr4	4700000	4850000	latemid
chr4	5550000	6050000	latemid
chr4	6350000	6550000	earlymid
chr4	8100000	8150000	early
chr4	8450000	9000000	earlymid
chr4	9650000	9800000	latemid
chr4	10900000	11200000	early
chr4	11550000	11600000	early
chr4	12700000	13300000	latemid
chr4	13600000	13850000	late
chr4	15150000	15350000	early
chr4	16000000	16100000	earlymid
chr4	18350000	18450000	latemid
chr4	19600000	19850000	earlymid
chr4	21700000	21850000	early
chr4	24600000	24700000	earlymid
chr4	25750000	25850000	earlymid
chr4	26250000	26400000	earlymid
chr4	26900000	27000000	latemid
chr4	29000000	29100000	late
chr4	31950000	32150000	earlymid
chr4	33200000	33350000	early
chr4	34800000	34950000	early
chr4	40200000	40250000	early
chr4	40900000	41350000	early
chr4	42700000	42800000	early
chr4	43000000	43050000	early
chr4	43350000	43550000	early
chr4	43950000	44100000	early
chr4	44850000	45050000	early
chr4	45300000	45500000	early
chr4	46350000	46600000	early
chr4	47250000	47550000	latemid
chr4	48500000	48650000	early
chr4	49350000	49700000	late
chr4	53300000	53400000	early
chr4	54900000	55050000	early
chr4	55350000	55500000	early
chr4	56750000	57250000	early
chr4	57800000	57850000	early
chr4	59400000	59550000	early
chr4	60500000	60600000	late
chr4	61250000	61350000	late
chr4	61650000	61750000	latemid
chr4	62300000	62350000	early
chr4	63350000	63600000	earlymid
chr4	70250000	70350000	latemid
chr4	70500000	70600000	earlymid
chr4	71450000	71650000	late
chr4	71950000	72300000	late
chr4	72750000	72900000	late
chr4	74200000	74300000	early
chr4	75950000	76050000	latemid
chr4	77350000	77400000	late
chr4	80800000	81000000	latemid
chr4	82400000	82500000	early
chr4	83250000	83450000	early
chr4	84150000	84300000	earlymid
chr4	85150000	85300000	early
chr4	86650000	86950000	early
chr4	88000000	88150000	early
chr4	89250000	89300000	earlymid
chr4	91300000	91500000	latemid
chr4	94550000	94650000	early
chr4	98700000	98950000	early
chr4	99550000	99750000	early
chr4	100700000	100850000	early
chr4	101350000	101500000	early
chr4	101800000	102000000	early
chr4	103100000	103150000	early
chr4	105200000	105300000	early
chr4	106850000	106900000	early
chr4	108150000	108450000	early
chr4	108600000	109200000	early
chr4	109900000	110050000	early
chr4	111600000	111800000	earlymid
chr4	112150000	112250000	latemid
chr4	112400000	112500000	earlymid
chr4	114900000	115100000	early
chr4	115750000	115850000	early
chr4	116050000	116200000	early
chr4	116500000	116850000	early
chr4	117000000	117550000	early
chr4	118150000	118250000	early
chr4	119000000	119350000	early
chr4	120800000	121050000	early
chr4	122150000	122200000	late
chr4	122400000	122500000	latemid
chr4	122950000	123050000	early
chr4	123250000	123800000	early
chr4	124700000	124900000	early
chr4	125050000	125150000	early
chr4	125500000	125650000	early
chr4	126050000	126400000	early
chr4	126850000	127400000	early
chr4	129050000	129900000	early
chr4	130200000	130800000	early
chr4	132100000	134500000	early
chr4	134750000	134950000	early
chr4	135200000	135700000	early
chr4	135800000	136600000	early
chr4	137400000	137850000	early
chr4	138400000	138500000	early
chr4	138700000	138850000	early
chr4	139100000	139400000	early
chr4	140550000	140800000	early
chr4	140900000	141800000	early
chr4	142000000	142200000	early
chr4	143150000	143350000	early
chr4	144300000	144350000	early
chr4	145100000	145300000	early
chr4	145450000	145550000	early
chr4	145650000	145700000	early
chr4	146050000	146150000	early
chr4	146450000	146850000	early
chr4	147050000	147150000	early
chr4	147650000	147800000	early
chr4	147900000	148200000	early
chr4	148450000	148700000	early
chr4	149050000	149800000	early
chr4	150100000	150600000	early
chr4	150850000	150900000	early
chr4	151900000	152350000	early
chr4	154000000	154200000	early
chr4	154600000	154700000	early
chr4	155100000	155300000	early
chr4	155500000	155950000	early
chr5	3450000	3950000	early
chr5	5500000	5600000	earlymid
chr5	8300000	8900000	early
chr5	11750000	11800000	latemid
chr5	12800000	12950000	earlymid
chr5	13550000	14050000	late
chr5	16050000	16150000	latemid
chr5	16350000	16550000	latemid
chr5	16900000	17050000	latemid
chr5	18400000	18650000	latemid
chr5	20850000	21050000	early
chr5	21650000	21800000	early
chr5	22450000	22500000	earlymid
chr5	23550000	23850000	early
chr5	24400000	24550000	early
chr5	25450000	25600000	early
chr5	27750000	27850000	early
chr5	28200000	28400000	early
chr5	29650000	29800000	early
chr5	31050000	31200000	early
chr5	31450000	31650000	early
chr5	32700000	33000000	early
chr5	33550000	33600000	early
chr5	34350000	34600000	early
chr5	35600000	35900000	early
chr5	36850000	37100000	early
chr5	38550000	38750000	early
chr5	41650000	41850000	earlymid
chr5	43800000	43900000	early
chr5	45400000	45550000	earlymid
chr5	48150000	48550000	latemid
chr5	50050000	50200000	earlymid
chr5	52700000	52750000	earlymid
chr5	53550000	53650000	early
chr5	55750000	55900000	late
chr5	60850000	61000000	late
chr5	64050000	64400000	early
chr5	64700000	64850000	early
chr5	65350000	65750000	early
chr5	66200000	66300000	early
chr5	66600000	66650000	early
chr5	67300000	67450000	early
chr5	69400000	69600000	latemid
chr5	72100000	72250000	early
chr5	73200000	73350000	early
chr5	73950000	74200000	early
chr5	74600000	74750000	earlymid
chr5	74950000	75150000	earlymid
chr5	75500000	75650000	early
chr5	76150000	76400000	early
chr5	77250000	77300000	early
chr5	81400000	81800000	late
chr5	86050000	86200000	early
chr5	86750000	86900000	earlymid
chr5	88550000	88700000	early
chr5	90200000	90300000	early
chr5	92050000	92150000	early
chr5	92750000	93100000	early
chr5	93750000	93800000	early
chr5	94350000	94400000	earlymid
chr5	96100000	96250000	earlymid
chr5	96900000	97300000	latemid
chr5	98900000	98950000	earlymid
chr5	99950000	100050000	early
chr5	100400000	100500000	early
chr5	102000000	102050000	early
chr5	103600000	103800000	early
chr5	104450000	104550000	early
chr5	105650000	105800000	early
chr5	106850000	107150000	earlymid
chr5	107850000	108200000	early
chr5	109800000	109850000	early
chr5	110200000	110550000	early
chr5	110650000	111150000	early
chr5	111750000	111850000	early
chr5	112250000	112350000	early
chr5	113150000	113400000	early
chr5	113600000	114150000	early
chr5	114550000	115650000	early
chr5	115950000	116050000	early
chr5	116350000	116500000	early
chr5	117250000	117450000	early
chr5	118350000	118600000	early
chr5	119550000	119750000	early
chr5	120500000	120800000	early
chr5	121150000	121850000	early
chr5	122050000	122500000	early
chr5	122750000	123150000	early
chr5	123600000	123800000	early
chr5	124250000	124650000	early
chr5	125150000	125550000	early
chr5	127600000	127700000	early
chr5	128500000	128700000	early
chr5	129000000	129250000	early
chr5	129700000	130250000	early
chr5	131450000	131650000	earlymid
chr5	134200000	134600000	early
chr5	134900000	135300000	early
chr5	135600000	136100000	early
chr5	136900000	137050000	early
chr5	137300000	137350000	early
chr5	137600000	137650000	early
chr5	138100000	138200000	early
chr5	139150000	139400000	early
chr5	139900000	140100000	early
chr5	140250000	140450000	early
chr5	142750000	143150000	early
chr5	143950000	144300000	early
chr5	145150000	145200000	early
chr5	146200000	146350000	earlymid
chr5	146850000	147050000	early
chr5	147350000	147600000	early
chr5	147900000	147950000	early
chr5	148450000	148550000	early
chr5	149550000	149650000	early
chr5	150550000	150650000	early
chr6	3300000	3750000	latemid
chr6	4700000	5000000	earlymid
chr6	6150000	6300000	early
chr6	7650000	7750000	early
chr6	8200000	8650000	earlymid
chr6	9650000	9700000	late
chr6	12050000	12100000	early
chr6	12700000	13200000	latemid
chr6	13600000	13650000	earlymid
chr6	15650000	15750000	early
chr6	17600000	17750000	early
chr6	18450000	18550000	latemid
chr6	20650000	20750000	late
chr6	22300000	22500000	earlymid
chr6	23100000	23250000	latemid
chr6	24550000	24700000	earlymid
chr6	25600000	25950000	late
chr6	28400000	28500000	earlymid
chr6	29900000	30350000	early
chr6	31350000	31450000	early
chr6	32750000	32800000	earlymid
chr6	33150000	33250000	early
chr6	34100000	34250000	early
chr6	34950000	35250000	early
chr6	37800000	37900000	early
chr6	38350000	38600000	early
chr6	39300000	39550000	early
chr6	40350000	40450000	earlymid
chr6	42250000	42400000	latemid
chr6	43250000	43350000	latemid
chr6	47800000	47850000	early
chr6	49200000	49300000	early
chr6	50100000	50650000	earlymid
chr6	51450000	51550000	early
chr6	51950000	52100000	early
chr6	52600000	52750000	early
chr6	53800000	54150000	earlymid
chr6	54550000	55150000	earlymid
chr6	56700000	56800000	early
chr6	58550000	58900000	earlymid
chr6	59200000	59300000	early
chr6	60300000	60600000	earlymid
chr6	60950000	61200000	earlymid
chr6	64950000	65100000	early
chr6	65750000	65800000	earlymid
chr6	67150000	67300000	early
chr6	70050000	70150000	latemid
chr6	71800000	71900000	early
chr6	72550000	72900000	early
chr6	81950000	82050000	latemid
chr6	82600000	82800000	early
chr6	83000000	83200000	early
chr6	83700000	84000000	early
chr6	85000000	85150000	early
chr6	85300000	85350000	early
chr6	85900000	85950000	early
chr6	86400000	86600000	early
chr6	87850000	88100000	early
chr6	88450000	88500000	early
chr6	89250000	89400000	early
chr6	90450000	90550000	early
chr6	90950000	91150000	early
chr6	91650000	91700000	early
chr6	92150000	92300000	early
chr6	92500000	92550000	early
chr6	93850000	94050000	early
chr6	94650000	94800000	early
chr6	95600000	95800000	latemid
chr6	97050000	97300000	early
chr6	97700000	97900000	earlymid
chr6	100200000	100500000	early
chr6	106550000	107050000	late
chr6	108050000	108300000	early
chr6	108550000	108650000	early
chr6	111450000	111550000	late
chr6	113250000	113700000	early
chr6	114850000	115050000	early
chr6	115600000	115900000	early
chr6	116150000	116250000	early
chr6	117850000	117950000	early
chr6	118450000	118500000	earlymid
chr6	119350000	119600000	early
chr6	120050000	120500000	early
chr6	120750000	121050000	early
chr6	122550000	122850000	early
chr6	123450000	123550000	latemid
chr6	124700000	125250000	early
chr6	125350000	125650000	early
chr6	126800000	127150000	earlymid
chr6	128200000	128500000	early
chr6	131300000	131500000	latemid
chr6	133950000	134100000	early
chr6	134750000	134900000	early
chr6	136450000	136550000	early
chr6	137600000	137750000	early
chr6	140550000	140650000	early
chr6	143050000	143200000	early
chr6	144250000	144450000	earlymid
chr6	145000000	145200000	early
chr6	146650000	146700000	early
chr6	148200000	148300000	early
chr6	148850000	149050000	early
chr7	3150000	3400000	early
chr7	3550000	3700000	early
chr7	3850000	4000000	early
chr7	4700000	4950000	early
chr7	6200000	6350000	early
chr7	6950000	7100000	early
chr7	7700000	8250000	early
chr7	8950000	9000000	earlymid
chr7	9250000	9350000	early
chr7	12900000	13100000	early
chr7	13950000	14000000	latemid
chr7	15850000	16050000	early
chr7	16250000	16450000	early
chr7	16750000	16900000	early
chr7	19100000	19900000	early
chr7	20650000	20750000	latemid
chr7	21000000	21350000	early
chr7	22850000	22900000	late
chr7	24450000	24550000	early
chr7	24850000	24950000	early
chr7	25200000	25400000	early
chr7	25650000	25700000	early
chr7	26050000	26100000	early
chr7	26150000	26250000	earlymid
chr7	27150000	27900000	early
chr7	28250000	29050000	early
chr7	29150000	29550000	early
chr7	29800000	30350000	early
chr7	30550000	30600000	early
chr7	30750000	30850000	early
chr7	32200000	32450000	latemid
chr7	34150000	34300000	early
chr7	34650000	34700000	early
chr7	35250000	35500000	early
chr7	36550000	36800000	latemid
chr7	37950000	38300000	early
chr7	38850000	38950000	latemid
chr7	39450000	39600000	early
chr7	41550000	41650000	early
chr7	42550000	42800000	early
chr7	43200000	43350000	early
chr7	44400000	44550000	early
chr7	44750000	45650000	early
chr7	46750000	46900000	early
chr7	49350000	49750000	early
chr7	52000000	52050000	latemid
chr7	52350000	52400000	latemid
chr7	55850000	55950000	early
chr7	57800000	58000000	latemid
chr7	59050000	59500000	late
chr7	59850000	59950000	latemid
chr7	61950000	62000000	late
chr7	62250000	62550000	late
chr7	63950000	64000000	early
chr7	64850000	65000000	earlymid
chr7	65800000	65950000	early
chr7	66400000	66550000	early
chr7	67450000	67550000	earlymid
chr7	67700000	67800000	earlymid
chr7	68150000	68300000	early
chr7	70750000	70800000	latemid
chr7	71300000	71600000	late
chr7	72300000	72450000	latemid
chr7	73500000	73650000	early
chr7	75750000	75850000	early
chr7	77600000	77900000	late
chr7	79200000	79450000	early
chr7	79950000	81300000	early
chr7	82700000	82900000	early
chr7	83800000	84250000	early
chr7	84600000	84800000	earlymid
chr7	86800000	87300000	late
chr7	88300000	88600000	latemid
chr7	89300000	89400000	early
chr7	89900000	90000000	early
chr7	92600000	92850000	early
chr7	96150000	96250000	early
chr7	96750000	97000000	early
chr7	97500000	97700000	early
chr7	98150000	98250000	early
chr7	98550000	98950000	early
chr7	99100000	99550000	early
chr7	100450000	100750000	early
chr7	101250000	101350000	early
chr7	101800000	102350000	early
chr7	104150000	104200000	earlymid
chr7	104350000	104450000	latemid
chr7	105400000	105650000	earlymid
chr7	105900000	105950000	earlymid
chr7	107200000	107450000	early
chr7	109550000	109650000	early
chr7	109900000	110250000	early
chr7	112150000	112200000	earlymid
chr7	112650000	112700000	early
chr7	113150000	113300000	early
chr7	114150000	114350000	early
chr7	116200000	116450000	early
chr7	118200000	118250000	early
chr7	118700000	118850000	early
chr7	119800000	120000000	earlymid
chr7	120800000	121000000	early
chr7	122000000	122100000	early
chr7	123250000	123400000	early
chr7	124650000	124750000	late
chr7	126150000	126600000	early
chr7	127100000	127300000	early
chr7	127450000	128000000	early
chr7	128400000	128650000	early
chr7	129500000	129650000	latemid
chr7	130450000	130700000	early
chr7	132600000	132950000	early
chr7	133100000	133150000	early
chr7	133650000	133800000	early
chr7	134600000	134700000	earlymid
chr7	135200000	135300000	latemid
chr7	136800000	136950000	earlymid
chr7	137350000	137500000	early
chr7	138850000	138900000	early
chr7	139300000	139350000	early
chr7	140000000	140150000	early
chr7	140850000	141550000	early
chr7	142950000	143150000	early
chr7	143450000	143600000	early
chr7	144800000	144900000	early
chr8	3500000	3600000	early
chr8	4200000	4400000	early
chr8	8600000	8800000	latemid
chr8	9950000	10000000	late
chr8	11600000	11650000	early
chr8	13150000	13250000	early
chr8	13900000	14050000	early
chr8	14800000	15150000	earlymid
chr8	15750000	15900000	latemid
chr8	18800000	18950000	early
chr8	19700000	20050000	earlymid
chr8	20350000	20450000	earlymid
chr8	20750000	20950000	early
chr8	21350000	21400000	late
chr8	22550000	22650000	early
chr8	22750000	22900000	early
chr8	23150000	23300000	early
chr8	24450000	24650000	earlymid
chr8	25050000	25250000	early
chr8	25700000	25850000	early
chr8	25950000	26100000	early
chr8	27100000	27300000	early
chr8	28650000	28750000	late
chr8	31100000	31250000	earlymid
chr8	33600000	33700000	early
chr8	33800000	34100000	early
chr8	34750000	35100000	earlymid
chr8	36450000	36650000	early
chr8	37850000	38050000	late
chr8	39000000	39300000	late
chr8	40600000	40650000	early
chr8	41350000	41400000	early
chr8	43200000	43400000	early
chr8	45050000	45250000	earlymid
chr8	46050000	46300000	early
chr8	46400000	46550000	early
chr8	47250000	47350000	early
chr8	47700000	48100000	early
chr8	48650000	48950000	earlymid
chr8	51150000	51200000	latemid
chr8	51900000	52150000	late
chr8	52650000	52850000	late
chr8	54000000	54200000	latemid
chr8	56200000	56300000	earlymid
chr8	57450000	57550000	early
chr8	60850000	61250000	earlymid
chr8	61350000	61600000	earlymid
chr8	65000000	65100000	early
chr8	66800000	66900000	latemid
chr8	68100000	68500000	earlymid
chr8	69200000	69250000	early
chr8	69750000	70900000	early
chr8	71350000	71700000	early
chr8	71950000	72000000	early
chr8	72150000	72700000	early
chr8	75000000	75150000	early
chr8	77500000	77550000	early
chr8	78050000	78200000	early
chr8	78450000	78600000	early
chr8	79600000	79700000	early
chr8	80750000	80950000	early
chr8	83850000	84300000	early
chr8	84500000	85100000	early
chr8	85400000	85600000	early
chr8	86750000	86950000	early
chr8	88150000	88250000	early
chr8	89000000	89050000	early
chr8	89750000	89900000	latemid
chr8	90800000	91000000	early
chr8	91600000	91800000	earlymid
chr8	92650000	92800000	latemid
chr8	94150000	94250000	early
chr8	94800000	94950000	early
chr8	95700000	95900000	early
chr8	104350000	104550000	early
chr8	105200000	105300000	early
chr8	105550000	106200000	early
chr8	106550000	107200000	early
chr8	107250000	107600000	early
chr8	108600000	108800000	earlymid
chr8	109600000	109850000	early
chr8	110700000	111150000	early
chr8	111250000	111300000	early
chr8	111500000	112000000	early
chr8	114350000	114450000	earlymid
chr8	116900000	117000000	early
chr8	117150000	117500000	early
chr8	118450000	118550000	latemid
chr8	119450000	119650000	early
chr8	119850000	119950000	early
chr8	120350000	120600000	early
chr8	121550000	121600000	early
chr8	121850000	121950000	early
chr8	122450000	122550000	early
chr8	123000000	123550000	early
chr8	123900000	124000000	early
chr8	124700000	125050000	early
chr8	125300000	125750000	early
chr8	126950000	127050000	early
chr8	127600000	127700000	earlymid
chr8	129350000	129400000	early
chr9	3350000	3500000	earlymid
chr9	5300000	5700000	late
chr9	6800000	6950000	latemid
chr9	7850000	8000000	early
chr9	9200000	9300000	early
chr9	10300000	10600000	latemid
chr9	11200000	11550000	late
chr9	11850000	11950000	late
chr9	13650000	13800000	earlymid
chr9	14650000	14700000	early
chr9	15200000	15350000	early
chr9	17550000	17600000	latemid
chr9	19600000	19750000	earlymid
chr9	20550000	20650000	early
chr9	20850000	21950000	early
chr9	22150000	22500000	early
chr9	25100000	25350000	earlymid
chr9	27050000	27200000	early
chr9	29550000	29650000	late
chr9	30900000	31350000	early
chr9	31950000	32100000	early
chr9	35100000	35200000	early
chr9	36750000	36850000	early
chr9	37150000	37550000	early
chr9	38450000	38850000	late
chr9	40200000	40300000	early
chr9	40750000	40850000	early
chr9	42050000	42250000	early
chr9	43100000	43150000	early
chr9	44100000	44600000	early
chr9	45300000	45400000	early
chr9	45850000	46050000	early
chr9	47400000	47650000	earlymid
chr9	47750000	48000000	earlymid
chr9	48950000	49100000	early
chr9	49700000	49900000	earlymid
chr9	50700000	50750000	early
chr9	51950000	52150000	earlymid
chr9	53600000	53650000	early
chr9	54850000	54900000	early
chr9	56450000	56550000	early
chr9	56950000	57150000	early
chr9	57400000	57650000	early
chr9	58200000	58350000	early
chr9	58650000	58850000	early
chr9	59350000	59400000	early
chr9	59600000	59800000	early
chr9	60750000	60850000	early
chr9	61250000	61350000	early
chr9	62400000	62550000	early
chr9	62800000	62900000	early
chr9	64050000	64350000	early
chr9	65050000	65250000	early
chr9	65500000	66100000	early
chr9	67150000	67300000	early
chr9	67550000	67850000	early
chr9	69350000	69550000	earlymid
chr9	70050000	70550000	early
chr9	71750000	71900000	early
chr9	72500000	72900000	early
chr9	73000000	73050000	early
chr9	75300000	75500000	early
chr9	76300000	76350000	earlymid
chr9	78150000	78600000	early
chr9	80100000	80200000	early
chr9	82900000	83100000	earlymid
chr9	83800000	84000000	earlymid
chr9	85700000	85850000	earlymid
chr9	86600000	86750000	early
chr9	88450000	88550000	early
chr9	90050000	90150000	early
chr9	91300000	91450000	late
chr9	92200000	92300000	late
chr9	94500000	94750000	latemid
chr9	95450000	95600000	early
chr9	96100000	96300000	early
chr9	97050000	97200000	early
chr9	99300000	99500000	early
chr9	100550000	100600000	early
chr9	100950000	101050000	early
chr9	102700000	102800000	early
chr9	104050000	104150000	early
chr9	105450000	105750000	earlymid
chr9	106150000	106250000	early
chr9	106400000	106500000	early
chr9	106750000	106850000	early
chr9	107500000	108100000	early
chr9	108200000	108800000	early
chr9	109850000	110350000	early
chr9	110900000	110950000	early
chr9	113900000	114050000	early
chr9	114400000	114800000	early
chr9	115100000	115250000	early
chr9	116350000	116500000	early
chr9	118450000	118550000	early
chr9	119250000	119450000	early
chr9	119900000	120150000	early
chr9	120700000	120750000	early
chr9	121300000	121350000	early
chr9	122950000	123050000	early
chr9	123350000	123650000	earlymid
chr9	123850000	124000000	earlymid
chr10	4050000	4400000	early
chr10	5750000	5900000	early
chr10	7600000	7750000	early
chr10	8800000	8950000	early
chr10	11150000	11350000	early
chr10	12450000	12650000	early
chr10	13450000	13550000	early
chr10	13850000	13950000	earlymid
chr10	14500000	14650000	early
chr10	18350000	18450000	early
chr10	19150000	19350000	earlymid
chr10	20150000	20200000	early
chr10	21050000	21150000	early
chr10	21950000	22050000	early
chr10	23750000	23850000	early
chr10	25250000	25400000	early
chr10	28000000	28050000	early
chr10	28600000	28650000	earlymid
chr10	30600000	30750000	early
chr10	31400000	31500000	earlymid
chr10	34200000	34300000	early
chr10	36950000	37300000	earlymid
chr10	39600000	39700000	early
chr10	40200000	40400000	early
chr10	41400000	41500000	early
chr10	42150000	42200000	early
chr10	43050000	43600000	early
chr10	44350000	44400000	early
chr10	45050000	45200000	earlymid
chr10	46700000	46850000	latemid
chr10	49350000	49550000	late
chr10	50700000	51000000	latemid
chr10	52250000	52350000	early
chr10	53350000	53500000	earlymid
chr10	56300000	56500000	earlymid
chr10	57450000	57550000	earlymid
chr10	58300000	58350000	early
chr10	59400000	59450000	early
chr10	59850000	60250000	early
chr10	61250000	61500000	early
chr10	61650000	61800000	early
chr10	62650000	63100000	early
chr10	63150000	63400000	early
chr10	64650000	64800000	earlymid
chr10	66900000	67150000	early
chr10	68100000	68300000	early
chr10	69250000	69400000	early
chr10	70200000	70400000	early
chr10	70800000	70950000	early
chr10	71300000	71400000	early
chr10	72550000	72700000	late
chr10	75150000	75250000	early
chr10	75800000	76050000	early
chr10	76400000	76500000	early
chr10	77200000	77250000	early
chr10	77550000	77650000	early
chr10	78300000	78450000	early
chr10	79650000	81700000	early
chr10	82050000	82100000	early
chr10	82700000	82850000	early
chr10	83400000	83650000	early
chr10	84500000	84650000	early
chr10	85000000	85150000	early
chr10	85450000	85600000	early
chr10	86700000	86850000	early
chr10	88600000	88800000	early
chr10	89650000	89800000	early
chr10	91050000	91200000	early
chr10	93250000	93400000	early
chr10	93900000	93950000	early
chr10	95350000	95550000	early
chr10	95850000	95950000	early
chr10	96600000	96750000	earlymid
chr10	98800000	99200000	earlymid
chr10	100000000	100150000	late
chr10	103250000	103450000	latemid
chr10	105700000	105750000	earlymid
chr10	108250000	108400000	early
chr10	110800000	110950000	early
chr10	111350000	111450000	early
chr10	115200000	115400000	early
chr10	117050000	117200000	early
chr10	117700000	117800000	early
chr10	119100000	119350000	earlymid
chr10	120050000	120300000	early
chr10	120950000	121050000	early
chr10	121400000	121800000	early
chr10	122950000	123200000	early
chr10	125900000	126000000	earlymid
chr10	126900000	127650000	early
chr10	127950000	128900000	early
chr10	130600000	130650000	early
chr11	3150000	3500000	early
chr11	4150000	5150000	early
chr11	5400000	5550000	early
chr11	5750000	5800000	early
chr11	6050000	6150000	early
chr11	6300000	6650000	early
chr11	8650000	8700000	early
chr11	11800000	11950000	early
chr11	12450000	12550000	early
chr11	13850000	14250000	late
chr11	16500000	16650000	earlymid
chr11	17150000	17300000	earlymid
chr11	17800000	18100000	latemid
chr11	19900000	20250000	early
chr11	22900000	23100000	early
chr11	23300000	23650000	early
chr11	26150000	26450000	earlymid
chr11	27950000	28200000	latemid
chr11	29500000	29750000	early
chr11	30650000	30850000	early
chr11	32550000	32700000	early
chr11	33400000	33600000	early
chr11	34800000	34900000	earlymid
chr11	35800000	36050000	early
chr11	40650000	40800000	early
chr11	42000000	42250000	late
chr11	43650000	43700000	early
chr11	44400000	44750000	earlymid
chr11	46050000	46150000	early
chr11	48750000	48850000	early
chr11	49700000	49800000	early
chr11	50100000	50400000	early
chr11	51550000	51800000	early
chr11	52250000	52450000	early
chr11	53250000	53450000	early
chr11	53650000	53900000	early
chr11	54800000	55100000	early
chr11	55400000	55500000	early
chr11	57900000	58100000	early
chr11	59800000	59850000	early
chr11	60150000	60450000	early
chr11	60700000	61000000	early
chr11	61700000	61900000	early
chr11	62350000	62650000	early
chr11	63850000	64100000	early
chr11	65150000	65200000	earlymid
chr11	65700000	65850000	earlymid
chr11	66900000	67100000	early
chr11	68300000	68400000	early
chr11	68950000	69100000	early
chr11	69500000	70000000	early
chr11	70600000	70700000	early
chr11	72250000	72500000	early
chr11	74600000	75400000	early
chr11	75450000	75750000	early
chr11	76200000	76650000	early
chr11	77500000	78500000	early
chr11	79550000	79700000	early
chr11	79900000	80450000	early
chr11	81550000	81650000	latemid
chr11	82750000	82900000	early
chr11	83300000	83500000	early
chr11	84000000	84150000	early
chr11	84300000	84400000	early
chr11	84850000	84900000	early
chr11	85150000	85350000	early
chr11	85750000	85900000	early
chr11	86150000	86300000	early
chr11	86450000	86700000	early
chr11	86900000	87000000	early
chr11	87400000	87550000	early
chr11	87950000	88200000	early
chr11	88500000	89150000	early
chr11	94050000	94250000	early
chr11	94550000	94700000	early
chr11	94950000	95100000	early
chr11	95250000	96150000	early
chr11	96750000	98300000	early
chr11	98650000	99100000	early
chr11	100250000	100750000	early
chr11	101150000	101750000	early
chr11	102150000	102550000	early
chr11	102750000	103200000	early
chr11	103850000	104000000	early
chr11	104200000	104450000	early
chr11	105100000	105200000	early
chr11	106100000	106250000	early
chr11	106450000	106850000	early
chr11	106950000	107600000	early
chr11	108300000	108450000	earlymid
chr11	109300000	109400000	early
chr11	110300000	110450000	early
chr11	113200000	113300000	early
chr11	113500000	113750000	early
chr11	114600000	114700000	early
chr11	115400000	116600000	early
chr11	116850000	117350000	early
chr11	117550000	118050000	early
chr11	119250000	119500000	early
chr11	119800000	120950000	early
chr11	121200000	121300000	early
chr11	122000000	122050000	early
chr12	3550000	3700000	early
chr12	4250000	4400000	early
chr12	4800000	5000000	early
chr12	8750000	8950000	early
chr12	11150000	11300000	early
chr12	12150000	12300000	earlymid
chr12	12750000	12950000	early
chr12	15050000	15250000	late
chr12	16800000	16900000	early
chr12	17300000	17550000	early
chr12	18350000	18400000	earlymid
chr12	18600000	18800000	earlymid
chr12	19450000	19550000	earlymid
chr12	20250000	20550000	earlymid
chr12	21300000	21500000	early
chr12	22050000	22100000	earlymid
chr12	22250000	22400000	latemid
chr12	22850000	22950000	earlymid
chr12	23100000	23300000	earlymid
chr12	23400000	23450000	earlymid
chr12	23950000	24000000	early
chr12	24600000	24800000	early
chr12	26250000	26550000	late
chr12	27150000	27200000	late
chr12	28650000	28750000	early
chr12	29800000	29900000	late
chr12	31750000	31900000	early
chr12	33300000	33500000	earlymid
chr12	35950000	36200000	earlymid
chr12	38750000	39200000	latemid
chr12	40200000	40350000	early
chr12	40850000	41050000	early
chr12	41450000	41750000	earlymid
chr12	43150000	43250000	earlymid
chr12	44200000	44350000	latemid
chr12	45500000	45750000	latemid
chr12	51700000	51750000	early
chr12	54700000	54900000	early
chr12	55150000	55350000	early
chr12	57200000	57600000	earlymid
chr12	59000000	59150000	early
chr12	63000000	63050000	earlymid
chr12	65050000	65150000	early
chr12	68050000	68200000	late
chr12	69150000	69200000	early
chr12	69550000	69850000	early
chr12	70950000	71150000	early
chr12	72000000	72050000	early
chr12	72700000	72800000	early
chr12	73050000	73150000	early
chr12	73750000	74050000	earlymid
chr12	75500000	75700000	early
chr12	76200000	76500000	early
chr12	76850000	77000000	early
chr12	77450000	77600000	earlymid
chr12	78050000	78250000	earlymid
chr12	78900000	79200000	early
chr12	80200000	80350000	early
chr12	80550000	80650000	early
chr12	81550000	81900000	early
chr12	82100000	82150000	early
chr12	83500000	83700000	early
chr12	84150000	84350000	early
chr12	84950000	85400000	early
chr12	86450000	86500000	early
chr12	86750000	87000000	early
chr12	87150000	87500000	early
chr12	87800000	87950000	latemid
chr12	91500000	91850000	early
chr12	95500000	95800000	late
chr12	98650000	98900000	early
chr12	99450000	99500000	early
chr12	100100000	100300000	early
chr12	100500000	100600000	early
chr12	100950000	101100000	early
chr12	101850000	102000000	early
chr12	102450000	102850000	early
chr12	105000000	105150000	early
chr12	105650000	105800000	early
chr12	108200000	108400000	early
chr12	108700000	108900000	early
chr12	109450000	109600000	early
chr12	110400000	111000000	early
chr12	111550000	111800000	early
chr12	113000000	113150000	early
chr12	114050000	114200000	earlymid
chr12	114900000	114950000	late
chr12	116350000	116400000	early
chr12	117150000	117550000	latemid
chr12	118150000	119000000	latemid
chr12	120050000	120100000	early
chr13	3800000	3950000	latemid
chr13	4750000	4850000	latemid
chr13	5700000	5950000	earlymid
chr13	6650000	6700000	early
chr13	8850000	9250000	early
chr13	9700000	9900000	earlymid
chr13	12100000	12400000	early
chr13	14000000	14150000	early
chr13	15350000	15550000	latemid
chr13	17800000	17950000	early
chr13	18850000	19000000	earlymid
chr13	20000000	20100000	earlymid
chr13	21200000	21250000	early
chr13	21850000	22000000	early
chr13	23350000	23500000	early
chr13	23950000	24050000	latemid
chr13	24800000	25000000	early
chr13	29250000	29350000	earlymid
chr13	29850000	30100000	earlymid
chr13	30700000	31150000	latemid
chr13	31650000	31800000	early
chr13	32750000	32950000	latemid
chr13	34050000	34200000	early
chr13	34800000	35050000	earlymid
chr13	35850000	36000000	early
chr13	36450000	36650000	earlymid
chr13	37950000	38200000	early
chr13	38600000	38700000	early
chr13	39450000	39600000	latemid
chr13	39900000	39950000	latemid
chr13	40800000	41000000	early
chr13	43200000	43600000	early
chr13	44650000	44800000	early
chr13	45900000	46150000	earlymid
chr13	46650000	46850000	early
chr13	46950000	47050000	early
chr13	48150000	48250000	early
chr13	48900000	49000000	early
chr13	49600000	49650000	early
chr13	51000000	51200000	early
chr13	51600000	51800000	early
chr13	52450000	52700000	earlymid
chr13	53200000	53350000	early
chr13	54500000	54700000	early
chr13	55100000	55400000	early
chr13	55550000	55700000	early
chr13	56100000	56200000	early
chr13	58150000	58300000	early
chr13	59600000	59750000	early
chr13	60450000	60600000	latemid
chr13	61700000	61850000	early
chr13	61950000	62400000	early
chr13	63300000	63350000	early
chr13	64100000	64300000	early
chr13	65300000	67000000	early
chr13	67350000	67500000	early
chr13	69550000	69600000	earlymid
chr13	70350000	70800000	late
chr13	73400000	73500000	early
chr13	73650000	73850000	early
chr13	74350000	74550000	early
chr13	75850000	75900000	early
chr13	77000000	77050000	latemid
chr13	77550000	77750000	latemid
chr13	78100000	78250000	latemid
chr13	80750000	81050000	latemid
chr13	81600000	81750000	early
chr13	82550000	82700000	latemid
chr13	84150000	84450000	latemid
chr13	85100000	85350000	latemid
chr13	89650000	90200000	latemid
chr13	90850000	91050000	earlymid
chr13	91150000	91450000	earlymid
chr13	92350000	92500000	earlymid
chr13	93450000	93550000	early
chr13	94250000	94450000	early
chr13	95450000	95700000	early
chr13	96600000	96750000	early
chr13	97150000	97200000	early
chr13	97450000	97550000	early
chr13	98800000	98900000	early
chr13	99350000	99500000	early
chr13	100650000	100850000	early
chr13	101750000	101800000	latemid
chr13	102600000	102800000	earlymid
chr13	104100000	104200000	early
chr13	104850000	104950000	early
chr13	106850000	107000000	early
chr13	108150000	108350000	early
chr13	109600000	109700000	early
chr13	111500000	111600000	early
chr13	112350000	112500000	early
chr13	112700000	112850000	early
chr13	113700000	113800000	early
chr13	114150000	114350000	early
chr13	117150000	117250000	late
chr13	118050000	118450000	latemid
chr13	119400000	119700000	early
chr13	119850000	119900000	early
chr14	4000000	4050000	early
chr14	4750000	4850000	late
chr14	5750000	5850000	late
chr14	6250000	6300000	early
chr14	6600000	6800000	early
chr14	7100000	7150000	late
chr14	7350000	7500000	late
chr14	7800000	7900000	early
chr14	8000000	8150000	early
chr14	8600000	8750000	early
chr14	11600000	11800000	early
chr14	12900000	13000000	latemid
chr14	13900000	14100000	earlymid
chr14	14550000	14800000	earlymid
chr14	16200000	16400000	earlymid
chr14	17500000	17600000	latemid
chr14	18150000	18500000	earlymid
chr14	18850000	18950000	latemid
chr14	20400000	20750000	early
chr14	21350000	21550000	early
chr14	24200000	24300000	early
chr14	25750000	25900000	early
chr14	26450000	26700000	early
chr14	27000000	27200000	early
chr14	27300000	27450000	early
chr14	29900000	30050000	earlymid
chr14	30500000	30650000	early
chr14	30950000	31050000	early
chr14	32050000	32250000	early
chr14	33250000	33300000	earlymid
chr14	34200000	34500000	early
chr14	34600000	34700000	early
chr14	36900000	37200000	earlymid
chr14	40850000	40950000	early
chr14	42200000	42400000	latemid
chr14	42700000	42750000	latemid
chr14	42800000	42950000	latemid
chr14	43200000	43300000	earlymid
chr14	43400000	43450000	earlymid
chr14	43550000	43650000	latemid
chr14	43850000	44050000	late
chr14	45250000	45550000	early
chr14	46250000	46500000	latemid
chr14	47300000	47400000	early
chr14	48650000	48750000	early
chr14	49050000	49150000	early
chr14	49750000	49900000	earlymid
chr14	49950000	50000000	latemid
chr14	50800000	51000000	early
chr14	51950000	52250000	early
chr14	52850000	52950000	early
chr14	53150000	53250000	earlymid
chr14	53450000	53500000	earlymid
chr14	53600000	53750000	earlymid
chr14	54500000	54650000	early
chr14	55000000	55100000	early
chr14	55550000	55700000	early
chr14	56550000	56850000	early
chr14	57800000	57900000	early
chr14	59350000	59450000	early
chr14	60150000	60350000	earlymid
chr14	60800000	61050000	early
chr14	61650000	61700000	early
chr14	62250000	62400000	earlymid
chr14	62700000	63200000	early
chr14	63450000	63550000	early
chr14	64550000	64800000	early
chr14	67050000	67100000	early
chr14	67750000	67900000	early
chr14	69600000	69850000	early
chr14	70600000	70700000	early
chr14	72750000	72850000	earlymid
chr14	73100000	73650000	earlymid
chr14	74900000	75050000	early
chr14	75300000	75450000	early
chr14	75800000	75850000	early
chr14	76450000	76550000	early
chr14	78700000	78900000	early
chr14	79450000	79650000	early
chr14	86550000	86650000	earlymid
chr14	87100000	87200000	early
chr14	91350000	91700000	latemid
chr14	92750000	92900000	late
chr14	99250000	99350000	early
chr14	100250000	100450000	latemid
chr14	101600000	101750000	early
chr14	103050000	103150000	early
chr14	105150000	105250000	earlymid
chr14	105800000	105900000	earlymid
chr14	111250000	111500000	late
chr14	116800000	116950000	latemid
chr14	118100000	118250000	earlymid
chr14	118650000	118800000	early
chr14	120800000	121000000	early
chr14	122200000	122450000	early
chr14	123900000	124150000	latemid
chr14	124850000	124900000	early
chr15	3950000	4100000	earlymid
chr15	5050000	5200000	early
chr15	6000000	6100000	earlymid
chr15	7100000	7150000	early
chr15	8050000	8250000	early
chr15	8950000	9300000	earlymid
chr15	10450000	10500000	early
chr15	12100000	12300000	early
chr15	12700000	13000000	early
chr15	14050000	14750000	late
chr15	15000000	15050000	late
chr15	16450000	16700000	late
chr15	18700000	18850000	latemid
chr15	19700000	19750000	late
chr15	25700000	25900000	early
chr15	27350000	27800000	earlymid
chr15	27900000	28150000	earlymid
chr15	30500000	30750000	earlymid
chr15	31400000	31600000	early
chr15	34050000	34150000	early
chr15	34350000	34550000	early
chr15	34800000	34900000	early
chr15	35200000	35400000	early
chr15	36650000	36800000	early
chr15	36950000	37100000	early
chr15	37950000	38400000	early
chr15	39600000	39800000	early
chr15	41300000	41550000	early
chr15	41850000	41950000	early
chr15	43250000	43400000	latemid
chr15	44600000	44650000	latemid
chr15	47300000	47350000	late
chr15	50800000	50950000	early
chr15	51900000	52050000	early
chr15	52900000	53150000	earlymid
chr15	55050000	55300000	early
chr15	56650000	56750000	late
chr15	58050000	58200000	early
chr15	59300000	59350000	early
chr15	59550000	59650000	early
chr15	60700000	60950000	late
chr15	61950000	62100000	early
chr15	62850000	63100000	latemid
chr15	64000000	64150000	early
chr15	65750000	65900000	earlymid
chr15	67000000	67050000	earlymid
chr15	68250000	68350000	latemid
chr15	69050000	69150000	late
chr15	73150000	73250000	early
chr15	73550000	73700000	early
chr15	74600000	74750000	early
chr15	75750000	75950000	early
chr15	76300000	77400000	early
chr15	77750000	78000000	early
chr15	78500000	78600000	early
chr15	78900000	79150000	early
chr15	79250000	80300000	early
chr15	80800000	81100000	early
chr15	81350000	82300000	early
chr15	83100000	83500000	early
chr15	84150000	84250000	early
chr15	84700000	84800000	early
chr15	84850000	85100000	early
chr15	85300000	85350000	early
chr15	85900000	86000000	early
chr15	87700000	87800000	latemid
chr15	88650000	88900000	early
chr15	89150000	89300000	early
chr15	90050000	90200000	late
chr15	91700000	92050000	late
chr15	93300000	93450000	earlymid
chr15	94550000	94650000	early
chr15	95750000	95800000	early
chr15	96200000	96650000	early
chr15	97300000	97450000	early
chr15	98000000	98200000	early
chr15	98550000	99300000	early
chr15	99650000	100350000	early
chr15	101150000	101300000	early
chr15	102100000	102650000	early
chr15	103150000	103400000	early
chr16	3950000	4100000	early
chr16	4500000	4700000	early
chr16	4850000	5000000	early
chr16	7350000	7400000	latemid
chr16	8650000	8900000	early
chr16	9050000	9200000	early
chr16	10450000	10500000	early
chr16	11200000	11250000	early
chr16	13600000	14100000	early
chr16	15850000	15950000	early
chr16	16250000	16500000	early
chr16	17000000	17500000	early
chr16	17650000	17850000	early
chr16	18250000	18500000	early
chr16	20250000	20750000	early
chr16	22000000	22050000	early
chr16	22100000	22200000	early
chr16	23050000	23150000	early
chr16	24350000	24400000	earlymid
chr16	25000000	25050000	earlymid
chr16	27350000	27400000	late
chr16	28850000	29000000	earlymid
chr16	29650000	29750000	early
chr16	30050000	30200000	early
chr16	30500000	30600000	early
chr16	30900000	31650000	early
chr16	31850000	32700000	early
chr16	33000000	33550000	early
chr16	33800000	34000000	early
chr16	35850000	36050000	early
chr16	36650000	36750000	early
chr16	37600000	37700000	early
chr16	38400000	38600000	early
chr16	40650000	40700000	late
chr16	42750000	42850000	earlymid
chr16	44100000	44200000	early
chr16	45050000	45200000	earlymid
chr16	45700000	45750000	early
chr16	46450000	46600000	earlymid
chr16	48500000	48600000	early
chr16	49750000	50250000	earlymid
chr16	50350000	50550000	earlymid
chr16	51900000	52200000	late
chr16	55950000	56050000	early
chr16	57200000	57300000	early
chr16	58300000	58650000	latemid
chr16	59450000	59650000	latemid
chr16	62550000	62800000	latemid
chr16	62850000	62900000	earlymid
chr16	64750000	64950000	early
chr16	72950000	73150000	earlymid
chr16	75900000	76000000	latemid
chr16	76100000	76450000	late
chr16	78200000	78550000	earlymid
chr16	84700000	84800000	early
chr16	86050000	86250000	late
chr16	87450000	87500000	early
chr16	90150000	90300000	early
chr16	90800000	91000000	early
chr16	91550000	91700000	early
chr16	91800000	91950000	early
chr16	93700000	94000000	early
chr16	94450000	94650000	early
chr16	96000000	96100000	early
chr16	97200000	97350000	earlymid
chr17	3000000	3150000	early
chr17	4900000	5050000	early
chr17	5100000	5150000	early
chr17	5250000	5500000	early
chr17	6400000	6700000	early
chr17	8200000	8400000	early
chr17	10300000	10450000	early
chr17	11250000	11650000	latemid
chr17	12200000	12400000	earlymid
chr17	12900000	13050000	early
chr17	13650000	13750000	early
chr17	14950000	15100000	early
chr17	15350000	15700000	early
chr17	17050000	17500000	early
chr17	21400000	21950000	early
chr17	22300000	22400000	earlymid
chr17	22700000	22750000	early
chr17	23550000	23650000	early
chr17	24000000	24250000	early
chr17	24400000	24950000	early
chr17	25700000	26300000	early
chr17	26500000	26550000	early
chr17	26950000	27100000	early
chr17	27550000	29850000	early
chr17	30550000	30750000	early
chr17	31250000	31350000	early
chr17	31450000	32450000	early
chr17	32800000	32950000	early
chr17	33750000	34050000	early
chr17	34550000	34650000	early
chr17	34850000	35250000	early
chr17	35450000	35600000	early
chr17	35800000	36050000	early
chr17	36850000	37100000	early
chr17	37850000	38000000	latemid
chr17	40000000	40200000	early
chr17	40350000	40500000	late
chr17	40850000	41000000	latemid
chr17	42850000	43000000	early
chr17	43700000	43850000	early
chr17	44700000	44850000	earlymid
chr17	45400000	45750000	early
chr17	46150000	46300000	early
chr17	46550000	46950000	early
chr17	47400000	47850000	early
chr17	48350000	48500000	early
chr17	50150000	50750000	earlymid
chr17	53450000	53650000	early
chr17	56000000	56400000	early
chr17	56550000	57050000	early
chr17	62950000	63100000	latemid
chr17	63800000	63850000	early
chr17	65700000	66150000	early
chr17	66300000	66550000	early
chr17	67650000	67750000	early
chr17	69350000	69400000	earlymid
chr17	70700000	71000000	early
chr17	71450000	71500000	early
chr17	72950000	73300000	earlymid
chr17	74300000	74550000	early
chr17	75350000	75600000	earlymid
chr17	78850000	78950000	early
chr17	80200000	80250000	early
chr17	80550000	80600000	early
chr17	80700000	80800000	early
chr17	82200000	82500000	latemid
chr17	83600000	83800000	early
chr17	84300000	84400000	early
chr17	84850000	85150000	early
chr17	86000000	86150000	earlymid
chr17	86650000	86850000	early
chr17	88000000	88100000	early
chr17	89800000	90050000	latemid
chr17	90700000	90900000	latemid
chr17	93000000	93100000	late
chr17	93300000	93350000	earlymid
chr17	93700000	93900000	latemid
chr18	3300000	3450000	early
chr18	4250000	4450000	early
chr18	6150000	6200000	early
chr18	7650000	7700000	early
chr18	9200000	9300000	earlymid
chr18	10000000	10150000	early
chr18	10500000	10850000	early
chr18	12000000	12250000	early
chr18	12850000	12950000	early
chr18	13650000	13750000	earlymid
chr18	14600000	14800000	early
chr18	16350000	16600000	latemid
chr18	17300000	17750000	late
chr18	20650000	21100000	early
chr18	22300000	22400000	latemid
chr18	23950000	24200000	early
chr18	24600000	24700000	early
chr18	25400000	25550000	early
chr18	27600000	27800000	late
chr18	30200000	30450000	earlymid
chr18	31700000	31850000	early
chr18	33800000	34000000	early
chr18	34700000	35150000	early
chr18	35500000	35950000	early
chr18	36200000	36350000	early
chr18	36500000	36750000	early
chr18	37750000	37900000	early
chr18	38300000	38450000	early
chr18	38900000	39000000	early
chr18	40200000	40250000	earlymid
chr18	42250000	42300000	early
chr18	44350000	44450000	early
chr18	46900000	47000000	early
chr18	49850000	50000000	early
chr18	51900000	52000000	late
chr18	52450000	52600000	late
chr18	53200000	53300000	earlymid
chr18	54800000	54850000	late
chr18	56650000	56700000	early
chr18	57250000	57400000	latemid
chr18	57750000	57950000	latemid
chr18	60700000	60850000	early
chr18	61550000	61700000	early
chr18	62700000	62850000	early
chr18	63650000	63800000	early
chr18	64400000	64550000	early
chr18	65550000	65600000	early
chr18	67200000	67500000	early
chr18	67600000	67800000	early
chr18	69700000	69800000	early
chr18	70450000	70650000	earlymid
chr18	73650000	73850000	earlymid
chr18	75000000	75600000	early
chr18	76100000	76300000	early
chr18	76950000	77100000	early
chr18	77650000	77800000	early
chr18	79050000	79100000	late
chr18	80100000	80300000	early
chr18	80900000	81000000	earlymid
chr18	81900000	82000000	earlymid
chr18	82700000	82900000	early
chr18	84150000	84200000	earlymid
chr18	84850000	85000000	early
chr18	88850000	89000000	earlymid
chr19	3500000	4000000	early
chr19	4200000	4300000	early
chr19	4750000	5200000	early
chr19	5700000	6450000	early
chr19	6900000	7500000	early
chr19	8650000	9150000	early
chr19	10150000	10200000	early
chr19	10550000	10600000	early
chr19	11200000	11350000	earlymid
chr19	11900000	12000000	early
chr19	12700000	12800000	early
chr19	14550000	14700000	early
chr19	15850000	16100000	early
chr19	16300000	16750000	earlymid
chr19	18650000	18700000	early
chr19	21550000	21800000	early
chr19	23000000	23250000	early
chr19	24200000	24250000	early
chr19	25400000	25550000	early
chr19	27300000	27400000	latemid
chr19	28150000	28300000	early
chr19	28500000	28600000	early
chr19	29600000	29800000	early
chr19	30100000	30250000	early
chr19	31100000	31150000	earlymid
chr19	32150000	32400000	early
chr19	34800000	35000000	early
chr19	36850000	37050000	early
chr19	37250000	37400000	early
chr19	37950000	38100000	early
chr19	38250000	38450000	early
chr19	38800000	38950000	early
chr19	40450000	40600000	early
chr19	41400000	41550000	early
chr19	41900000	42200000	early
chr19	43900000	43950000	early
chr19	44150000	44400000	early
chr19	44650000	44750000	early
chr19	44900000	45150000	early
chr19	45250000	45400000	early
chr19	45750000	46150000	early
chr19	46300000	47500000	early
chr19	51300000	51450000	late
chr19	52050000	52100000	late
chr19	53000000	53100000	early
chr19	53600000	53650000	early
chr19	55150000	55300000	earlymid
chr19	55600000	55750000	early
chr19	56500000	56650000	early
chr19	57350000	57500000	early
chr19	58900000	58950000	latemid
chr19	59050000	59250000	latemid
chr19	59350000	59450000	latemid
chr19	60750000	60900000	early
chr19	61350000	61400000	early
