chr1,550000,600000,earlymid
chr1,2000000,2150000,early
chr1,2300000,2500000,early
chr1,2700000,2950000,latemid
chr1,4800000,5250000,late
chr1,7150000,7400000,earlymid
chr1,8450000,8700000,earlymid
chr1,9000000,9100000,earlymid
chr1,9250000,9500000,earlymid
chr1,10600000,10900000,earlymid
chr1,11400000,11500000,earlymid
chr1,12150000,12400000,earlymid
chr1,12900000,12950000,latemid
chr1,13300000,13400000,late
chr1,14050000,14350000,late
chr1,16450000,16500000,early
chr1,16700000,16850000,early
chr1,17200000,17350000,earlymid
chr1,18000000,18500000,latemid
chr1,20000000,20300000,latemid
chr1,20850000,21100000,earlymid
chr1,21450000,21600000,earlymid
chr1,22250000,22600000,earlymid
chr1,24950000,25150000,earlymid
chr1,26600000,26750000,early
chr1,27100000,27250000,early
chr1,27600000,28200000,early
chr1,29800000,30200000,late
chr1,31350000,31450000,early
chr1,31800000,31900000,early
chr1,32350000,32600000,early
chr1,34050000,34350000,late
chr1,36850000,37150000,latemid
chr1,37650000,37750000,earlymid
chr1,38400000,38550000,latemid
chr1,39650000,39800000,early
chr1,39850000,40200000,earlymid
chr1,41100000,41200000,earlymid
chr1,41950000,42550000,earlymid
chr1,44150000,44450000,earlymid
chr1,45050000,45250000,earlymid
chr1,45800000,46100000,earlymid
chr1,46850000,47050000,latemid
chr1,48950000,49750000,late
chr1,50500000,50750000,latemid
chr1,52350000,52450000,earlymid
chr1,52950000,53050000,earlymid
chr1,53500000,53650000,earlymid
chr1,55900000,56200000,late
chr1,57050000,57850000,late
chr1,59450000,59550000,late
chr1,60350000,60500000,late
chr1,61200000,61400000,latemid
chr1,62000000,62150000,latemid
chr1,62500000,62550000,earlymid
chr1,62600000,62650000,earlymid
chr1,63050000,63200000,latemid
chr1,63400000,63600000,latemid
chr1,63950000,64100000,latemid
chr1,65450000,65900000,latemid
chr1,66850000,67300000,latemid
chr1,67850000,68200000,earlymid
chr1,69350000,69500000,late
chr1,71900000,74450000,late
chr1,76350000,76600000,late
chr1,79050000,79200000,late
chr1,81900000,82000000,late
chr1,82050000,82700000,late
chr1,84650000,85150000,earlymid
chr1,86100000,86250000,late
chr1,87850000,88050000,late
chr1,88750000,88850000,latemid
chr1,89200000,89300000,late
chr1,90400000,90550000,late
chr1,91200000,91250000,late
chr1,91750000,91800000,latemid
chr1,92500000,93300000,earlymid
chr1,93800000,94100000,earlymid
chr1,95800000,96050000,late
chr1,97350000,97850000,late
chr1,98800000,99150000,late
chr1,100700000,101050000,latemid
chr1,101750000,103300000,late
chr1,103450000,103550000,late
chr1,103900000,107550000,late
chr1,109750000,110000000,earlymid
chr1,110750000,111150000,latemid
chr1,111950000,112150000,latemid
chr1,112600000,112800000,earlymid
chr1,113500000,113650000,latemid
chr1,114050000,114300000,latemid
chr1,115200000,115500000,latemid
chr1,118300000,118750000,late
chr1,119750000,120050000,latemid
chr1,120450000,120650000,latemid
chr1,121400000,121500000,late
chr1,121550000,121850000,late
chr1,122400000,122450000,late
chr1,124700000,124850000,late
chr1,125200000,125250000,late
chr1,143100000,143300000,late
chr1,143500000,143550000,late
chr1,143700000,143850000,late
chr1,143900000,144000000,late
chr1,144100000,144200000,late
chr1,144300000,144500000,late
chr1,144650000,144750000,late
chr1,144950000,145000000,latemid
chr1,145300000,145400000,earlymid
chr1,146500000,146800000,late
chr1,147750000,147850000,latemid
chr1,148150000,148250000,earlymid
chr1,148800000,149050000,earlymid
chr1,149500000,149550000,latemid
chr1,149750000,149850000,latemid
chr1,150600000,150950000,early
chr1,152700000,152800000,late
chr1,153750000,153900000,earlymid
chr1,154450000,154850000,earlymid
chr1,155200000,155550000,early
chr1,155700000,155800000,early
chr1,156200000,156600000,early
chr1,157650000,157700000,late
chr1,158550000,159000000,late
chr1,159300000,159350000,late
chr1,160550000,160750000,latemid
chr1,161450000,161800000,latemid
chr1,162100000,162500000,earlymid
chr1,163750000,164050000,late
chr1,164700000,165000000,late
chr1,166300000,166650000,late
chr1,167250000,167300000,latemid
chr1,167900000,168100000,earlymid
chr1,168700000,169050000,latemid
chr1,169100000,169350000,latemid
chr1,170350000,170400000,late
chr1,172200000,172350000,latemid
chr1,172550000,173350000,latemid
chr1,174650000,174900000,late
chr1,175450000,175850000,late
chr1,175900000,176100000,late
chr1,177000000,177200000,late
chr1,178150000,178350000,latemid
chr1,178700000,178900000,earlymid
chr1,179400000,179700000,latemid
chr1,180600000,180850000,latemid
chr1,181600000,181900000,late
chr1,183300000,183550000,earlymid
chr1,184200000,184300000,latemid
chr1,184400000,184600000,late
chr1,185200000,185350000,late
chr1,185750000,186100000,late
chr1,187150000,188550000,late
chr1,188950000,189450000,late
chr1,189750000,190050000,late
chr1,190100000,190150000,late
chr1,190750000,191750000,late
chr1,193800000,194300000,late
chr1,194350000,196850000,late
chr1,197400000,197650000,late
chr1,198350000,198500000,late
chr1,200950000,201150000,earlymid
chr1,201650000,201750000,earlymid
chr1,203350000,203500000,earlymid
chr1,204700000,204950000,earlymid
chr1,205850000,206150000,earlymid
chr1,206300000,206400000,earlymid
chr1,207350000,207550000,latemid
chr1,208700000,208800000,late
chr1,210500000,210950000,late
chr1,211900000,212050000,earlymid
chr1,213550000,213950000,late
chr1,215150000,215450000,late
chr1,216100000,216950000,late
chr1,217550000,217750000,late
chr1,218800000,219600000,late
chr1,220100000,220150000,latemid
chr1,220350000,220600000,latemid
chr1,221050000,222150000,late
chr1,222700000,222750000,latemid
chr1,222850000,223000000,latemid
chr1,223200000,223400000,latemid
chr1,224750000,225100000,latemid
chr1,226550000,226700000,earlymid
chr1,227050000,227200000,latemid
chr1,227550000,227700000,latemid
chr1,228900000,229100000,latemid
chr1,230150000,230250000,late
chr1,230350000,230550000,late
chr1,230950000,231050000,latemid
chr1,232150000,232300000,late
chr1,232450000,232600000,late
chr1,233950000,234200000,latemid
chr1,234600000,234900000,latemid
chr1,236200000,236450000,latemid
chr1,237350000,239600000,late
chr1,239800000,239850000,late
chr1,240250000,240500000,late
chr1,242500000,242800000,late
chr1,242950000,243000000,late
chr1,243800000,243850000,late
chr1,245300000,245400000,latemid
chr1,245950000,246100000,late
chr1,247900000,248150000,late
chr2,350000,650000,late
chr2,1000000,1300000,late
chr2,1550000,1800000,late
chr2,2200000,2550000,late
chr2,4650000,6250000,late
chr2,7450000,7850000,late
chr2,8750000,8800000,latemid
chr2,10800000,11150000,earlymid
chr2,12300000,12650000,late
chr2,13250000,14550000,late
chr2,16300000,16500000,late
chr2,16550000,16600000,late
chr2,16800000,16950000,late
chr2,18200000,18300000,late
chr2,18700000,18850000,late
chr2,21400000,22500000,late
chr2,24450000,24700000,earlymid
chr2,25400000,25850000,earlymid
chr2,26350000,26900000,earlymid
chr2,28000000,28200000,earlymid
chr2,29500000,30000000,late
chr2,30950000,31050000,late
chr2,32700000,32850000,latemid
chr2,33100000,33300000,late
chr2,34250000,35400000,late
chr2,35450000,35600000,late
chr2,37700000,37800000,latemid
chr2,40150000,40350000,late
chr2,40650000,41300000,late
chr2,42800000,43050000,earlymid
chr2,43450000,43550000,earlymid
chr2,44500000,44650000,latemid
chr2,45000000,45300000,latemid
chr2,45900000,46050000,latemid
chr2,49150000,49200000,late
chr2,49300000,50350000,late
chr2,54400000,54550000,earlymid
chr2,56550000,57000000,late
chr2,58100000,58250000,late
chr2,59050000,59850000,late
chr2,59900000,59950000,late
chr2,61300000,61450000,earlymid
chr2,62800000,62950000,latemid
chr2,63300000,63500000,latemid
chr2,63800000,64350000,latemid
chr2,64900000,65200000,earlymid
chr2,66450000,67050000,late
chr2,67100000,67150000,late
chr2,67500000,67650000,late
chr2,68550000,68800000,late
chr2,70600000,70850000,earlymid
chr2,71850000,72000000,latemid
chr2,72250000,72550000,latemid
chr2,73400000,73650000,earlymid
chr2,73900000,74050000,earlymid
chr2,76500000,78950000,late
chr2,79000000,80150000,late
chr2,80250000,80400000,late
chr2,80550000,80600000,late
chr2,82400000,82600000,late
chr2,85100000,85200000,earlymid
chr2,86100000,86250000,latemid
chr2,87050000,87200000,latemid
chr2,87550000,87700000,latemid
chr2,88050000,88450000,latemid
chr2,89300000,89400000,late
chr2,90200000,90300000,late
chr2,91350000,91700000,late
chr2,91950000,92050000,late
chr2,92600000,92650000,late
chr2,93900000,93950000,late
chr2,94200000,94300000,late
chr2,94400000,94800000,late
chr2,95500000,95600000,latemid
chr2,96400000,96550000,earlymid
chr2,97150000,97250000,latemid
chr2,97400000,97500000,latemid
chr2,98100000,98350000,latemid
chr2,98500000,98700000,latemid
chr2,99900000,100050000,late
chr2,103150000,104600000,late
chr2,106850000,107800000,late
chr2,108750000,108900000,latemid
chr2,109100000,109400000,latemid
chr2,109750000,109900000,latemid
chr2,109950000,110050000,earlymid
chr2,110450000,110550000,late
chr2,111350000,111600000,earlymid
chr2,115350000,115700000,late
chr2,115800000,115900000,late
chr2,115950000,116100000,late
chr2,116200000,116400000,late
chr2,116500000,116600000,late
chr2,118450000,118800000,late
chr2,119750000,119900000,earlymid
chr2,120400000,120650000,earlymid
chr2,120800000,120950000,earlymid
chr2,121400000,121450000,latemid
chr2,123050000,123100000,late
chr2,123200000,123450000,late
chr2,123500000,123650000,late
chr2,123700000,123750000,late
chr2,123950000,124050000,late
chr2,124350000,124450000,late
chr2,124550000,125600000,late
chr2,125650000,126150000,late
chr2,127550000,127750000,earlymid
chr2,128950000,129450000,late
chr2,130450000,130500000,latemid
chr2,132250000,132300000,late
chr2,132800000,133600000,late
chr2,134250000,134350000,late
chr2,135250000,135400000,latemid
chr2,136750000,137600000,late
chr2,138050000,138400000,late
chr2,139300000,140000000,late
chr2,141050000,141500000,late
chr2,144850000,145300000,late
chr2,145550000,145700000,late
chr2,145900000,146300000,late
chr2,146900000,147650000,late
chr2,147950000,148200000,late
chr2,149100000,149200000,latemid
chr2,149850000,150400000,late
chr2,150600000,150950000,late
chr2,151700000,151950000,latemid
chr2,153050000,153200000,late
chr2,153650000,153900000,late
chr2,155400000,155650000,late
chr2,156800000,157150000,late
chr2,158400000,158450000,late
chr2,159000000,159150000,latemid
chr2,160600000,160800000,late
chr2,161750000,161850000,late
chr2,162800000,163100000,late
chr2,163600000,164250000,late
chr2,165250000,165550000,late
chr2,166500000,167150000,late
chr2,168600000,168650000,latemid
chr2,169000000,169300000,latemid
chr2,170400000,170550000,latemid
chr2,171100000,171150000,earlymid
chr2,171250000,171500000,earlymid
chr2,171550000,171800000,earlymid
chr2,172550000,172900000,earlymid
chr2,173200000,173250000,latemid
chr2,173550000,173650000,latemid
chr2,174850000,174950000,latemid
chr2,175600000,175800000,late
chr2,177800000,178000000,latemid
chr2,178250000,178300000,latemid
chr2,178850000,179050000,late
chr2,179500000,179750000,late
chr2,180300000,180550000,late
chr2,180650000,180750000,late
chr2,182400000,182550000,latemid
chr2,182900000,183050000,earlymid
chr2,183800000,185450000,late
chr2,186950000,187400000,late
chr2,187700000,188150000,late
chr2,188350000,188600000,late
chr2,189800000,190250000,earlymid
chr2,191300000,191400000,latemid
chr2,192750000,195150000,late
chr2,196300000,196450000,latemid
chr2,198400000,198900000,late
chr2,201850000,201950000,latemid
chr2,202650000,202800000,earlymid
chr2,204600000,205150000,late
chr2,206500000,206950000,late
chr2,208800000,209000000,late
chr2,209550000,209700000,late
chr2,211250000,211800000,late
chr2,213450000,213850000,late
chr2,214800000,214950000,late
chr2,217150000,217350000,late
chr2,218950000,219100000,earlymid
chr2,220400000,220600000,late
chr2,221650000,221900000,late
chr2,223000000,223250000,latemid
chr2,225150000,225400000,late
chr2,226300000,226500000,earlymid
chr2,228250000,228350000,late
chr2,228500000,228550000,late
chr2,228800000,229050000,late
chr2,230300000,230500000,latemid
chr2,230750000,230800000,earlymid
chr2,232100000,232300000,earlymid
chr2,232750000,233200000,earlymid
chr2,233950000,234850000,latemid
chr2,235150000,235300000,latemid
chr2,235650000,235850000,late
chr2,236600000,236850000,late
chr2,238750000,238850000,latemid
chr2,239150000,239300000,latemid
chr2,239550000,239800000,latemid
chr2,239850000,239950000,latemid
chr2,241250000,241450000,earlymid
chr2,242100000,242150000,earlymid
chr3,700000,800000,late
chr3,1000000,2700000,late
chr3,3300000,3900000,late
chr3,3950000,4000000,late
chr3,5950000,6200000,late
chr3,6750000,6800000,late
chr3,6850000,6950000,late
chr3,7100000,7150000,late
chr3,9900000,10050000,early
chr3,10650000,10900000,latemid
chr3,11400000,11650000,earlymid
chr3,11800000,12100000,earlymid
chr3,13050000,13250000,earlymid
chr3,13950000,14050000,latemid
chr3,17250000,17450000,late
chr3,18650000,19450000,late
chr3,21050000,22450000,late
chr3,24950000,25250000,late
chr3,26150000,26800000,late
chr3,29050000,29350000,late
chr3,30900000,31300000,late
chr3,32600000,32950000,earlymid
chr3,33550000,33700000,earlymid
chr3,34750000,34800000,late
chr3,34850000,36200000,late
chr3,37400000,37700000,latemid
chr3,38700000,38850000,latemid
chr3,39800000,40000000,late
chr3,40850000,41100000,late
chr3,41300000,41450000,late
chr3,42150000,42350000,earlymid
chr3,43350000,43450000,latemid
chr3,43900000,44150000,latemid
chr3,44500000,44750000,latemid
chr3,45250000,45500000,earlymid
chr3,46200000,46450000,latemid
chr3,47350000,47750000,early
chr3,47800000,48050000,early
chr3,48200000,48400000,early
chr3,48950000,49100000,early
chr3,49900000,50150000,early
chr3,50400000,50500000,early
chr3,50950000,51150000,earlymid
chr3,52600000,53100000,early
chr3,54450000,56000000,late
chr3,57350000,57550000,earlymid
chr3,59250000,59650000,late
chr3,60150000,60800000,late
chr3,62050000,62150000,late
chr3,62950000,63100000,late
chr3,63150000,63250000,late
chr3,63800000,63850000,late
chr3,64200000,65000000,late
chr3,65450000,65600000,late
chr3,67350000,67500000,late
chr3,68050000,68550000,late
chr3,69850000,70750000,late
chr3,71000000,71400000,late
chr3,73700000,75150000,late
chr3,75950000,76000000,late
chr3,76650000,77000000,late
chr3,77100000,80600000,late
chr3,82350000,82600000,late
chr3,83600000,83650000,late
chr3,83700000,84100000,late
chr3,84150000,84300000,late
chr3,84350000,84400000,late
chr3,84450000,86000000,late
chr3,87550000,87800000,late
chr3,88550000,90150000,late
chr3,90950000,91050000,late
chr3,91150000,91900000,late
chr3,92050000,92150000,late
chr3,92250000,92400000,late
chr3,92450000,92500000,late
chr3,92750000,92850000,late
chr3,93450000,93550000,late
chr3,93900000,94050000,late
chr3,95450000,95500000,late
chr3,96150000,96250000,late
chr3,96400000,96550000,late
chr3,98150000,98200000,late
chr3,99500000,99700000,late
chr3,100850000,101150000,latemid
chr3,102650000,103800000,late
chr3,104800000,105250000,late
chr3,106050000,106900000,late
chr3,107350000,107400000,latemid
chr3,107600000,107700000,latemid
chr3,108400000,108450000,earlymid
chr3,109600000,110300000,late
chr3,112750000,112900000,latemid
chr3,114300000,114450000,earlymid
chr3,115450000,115650000,late
chr3,116350000,117450000,late
chr3,117500000,117600000,late
chr3,118050000,118200000,late
chr3,119800000,120000000,latemid
chr3,120850000,121300000,latemid
chr3,121850000,122300000,earlymid
chr3,123150000,123250000,earlymid
chr3,123450000,123650000,earlymid
chr3,124150000,124350000,latemid
chr3,126100000,126300000,latemid
chr3,126750000,126950000,latemid
chr3,127200000,127300000,latemid
chr3,127800000,128000000,earlymid
chr3,130450000,130600000,late
chr3,131700000,132150000,late
chr3,132600000,133100000,late
chr3,133600000,133750000,latemid
chr3,135200000,135450000,late
chr3,136400000,136600000,latemid
chr3,137350000,137700000,late
chr3,138550000,138800000,earlymid
chr3,139000000,139050000,earlymid
chr3,140200000,140400000,late
chr3,141500000,142150000,earlymid
chr3,142400000,142500000,earlymid
chr3,143550000,143750000,late
chr3,144200000,144400000,late
chr3,145250000,145350000,late
chr3,147300000,147450000,late
chr3,147500000,147850000,late
chr3,149950000,150200000,latemid
chr3,151200000,151400000,latemid
chr3,151750000,152000000,latemid
chr3,152700000,152900000,late
chr3,153300000,153950000,late
chr3,154450000,155000000,late
chr3,156200000,156450000,latemid
chr3,158200000,158400000,late
chr3,158850000,159250000,late
chr3,159300000,159400000,late
chr3,160250000,160350000,latemid
chr3,160850000,161100000,latemid
chr3,162100000,162300000,late
chr3,163600000,163900000,late
chr3,164150000,164200000,late
chr3,166450000,166950000,late
chr3,168700000,168800000,late
chr3,170550000,170650000,latemid
chr3,171200000,171300000,latemid
chr3,172200000,172250000,latemid
chr3,173700000,173800000,late
chr3,176200000,176250000,late
chr3,177850000,178350000,late
chr3,178650000,178700000,late
chr3,180300000,180400000,late
chr3,181250000,181450000,late
chr3,183050000,183900000,earlymid
chr3,184900000,185000000,latemid
chr3,185600000,185800000,earlymid
chr3,186350000,186500000,latemid
chr3,187300000,187600000,late
chr3,188400000,188600000,late
chr3,189650000,189750000,late
chr3,190550000,191050000,late
chr3,192300000,192350000,late
chr3,192500000,192550000,late
chr3,193100000,193400000,late
chr3,194800000,194950000,latemid
chr3,195150000,195250000,latemid
chr3,196050000,196150000,earlymid
chr3,196600000,196900000,earlymid
chr3,197350000,197500000,latemid
chr3,197950000,198000000,earlymid
chr3,198150000,198200000,earlymid
chr4,0,150000,late
chr4,1300000,1450000,earlymid
chr4,1900000,2450000,early
chr4,3750000,3900000,earlymid
chr4,4000000,4100000,latemid
chr4,4500000,4550000,earlymid
chr4,5500000,5600000,late
chr4,7500000,7550000,latemid
chr4,9050000,9400000,late
chr4,10750000,11050000,late
chr4,12300000,12550000,late
chr4,12950000,13250000,late
chr4,14050000,14750000,late
chr4,16600000,16850000,late
chr4,18400000,18500000,late
chr4,19200000,19550000,late
chr4,20400000,20500000,late
chr4,20950000,21600000,late
chr4,21800000,22050000,late
chr4,22900000,24100000,late
chr4,24750000,24850000,late
chr4,25550000,25800000,latemid
chr4,26000000,26400000,latemid
chr4,26800000,26900000,latemid
chr4,28300000,29050000,late
chr4,33100000,33950000,late
chr4,34750000,34800000,late
chr4,36550000,37050000,late
chr4,38300000,38550000,latemid
chr4,40450000,40650000,earlymid
chr4,40950000,41100000,latemid
chr4,41500000,41800000,latemid
chr4,43300000,43900000,late
chr4,44650000,44750000,late
chr4,44850000,47000000,late
chr4,48550000,48750000,earlymid
chr4,49100000,49200000,late
chr4,49400000,49450000,late
chr4,50050000,50150000,late
chr4,50300000,50350000,late
chr4,50450000,50500000,late
chr4,50950000,51650000,late
chr4,52150000,52200000,late
chr4,53000000,53200000,latemid
chr4,53600000,53900000,latemid
chr4,54450000,54800000,late
chr4,56200000,56400000,latemid
chr4,56650000,56750000,latemid
chr4,58550000,59100000,late
chr4,59200000,59550000,late
chr4,59650000,64100000,late
chr4,64200000,64450000,late
chr4,65100000,65750000,late
chr4,65850000,66200000,late
chr4,68050000,68100000,late
chr4,68800000,68950000,late
chr4,69200000,69550000,late
chr4,71700000,72650000,late
chr4,73700000,73850000,latemid
chr4,75050000,75300000,latemid
chr4,76200000,76500000,latemid
chr4,77350000,77550000,latemid
chr4,78150000,78250000,latemid
chr4,79350000,79700000,late
chr4,80500000,80900000,late
chr4,81550000,81700000,late
chr4,84050000,84150000,late
chr4,85500000,85950000,late
chr4,86100000,86200000,late
chr4,87050000,87150000,latemid
chr4,87700000,87900000,latemid
chr4,88750000,88950000,latemid
chr4,89350000,90000000,late
chr4,90500000,90700000,late
chr4,91300000,93600000,late
chr4,95400000,95450000,late
chr4,95500000,97650000,late
chr4,98250000,98450000,latemid
chr4,99250000,99850000,latemid
chr4,100150000,100800000,late
chr4,101050000,101300000,latemid
chr4,101500000,102150000,latemid
chr4,104150000,104450000,late
chr4,104550000,104700000,late
chr4,106650000,107150000,late
chr4,108150000,108450000,late
chr4,108900000,109250000,late
chr4,111100000,111550000,late
chr4,112950000,113150000,latemid
chr4,113200000,113250000,earlymid
chr4,113600000,113750000,latemid
chr4,115900000,116050000,late
chr4,120200000,120950000,late
chr4,122150000,122450000,late
chr4,123100000,123200000,late
chr4,123750000,124450000,late
chr4,124850000,124900000,late
chr4,124950000,125650000,late
chr4,126050000,126650000,late
chr4,128950000,129100000,late
chr4,129700000,130250000,late
chr4,130900000,131000000,late
chr4,132650000,133250000,late
chr4,133650000,133800000,late
chr4,134100000,135300000,late
chr4,135600000,136100000,late
chr4,138250000,138550000,late
chr4,139850000,140200000,latemid
chr4,141250000,141850000,late
chr4,142050000,142350000,late
chr4,143800000,144100000,late
chr4,144400000,144450000,late
chr4,145250000,145550000,latemid
chr4,146650000,147000000,late
chr4,148550000,149550000,late
chr4,150300000,150500000,late
chr4,151850000,152150000,latemid
chr4,154200000,154250000,late
chr4,155150000,155300000,late
chr4,155450000,155850000,late
chr4,155950000,156600000,late
chr4,157150000,157900000,late
chr4,158300000,158450000,late
chr4,158800000,158950000,latemid
chr4,160500000,161250000,late
chr4,164300000,164400000,late
chr4,165950000,166050000,late
chr4,166150000,167600000,late
chr4,171200000,171500000,late
chr4,174900000,175250000,late
chr4,176500000,177050000,late
chr4,178950000,179200000,late
chr4,179300000,180100000,late
chr4,180150000,180200000,late
chr4,181300000,182150000,late
chr4,183850000,184050000,latemid
chr4,185150000,185300000,latemid
chr4,185800000,185900000,late
chr4,186250000,186350000,latemid
chr4,187700000,187850000,late
chr4,188350000,188500000,late
chr4,189250000,189700000,late
chr4,189900000,190000000,late
chr4,190150000,190200000,late
chr5,450000,500000,earlymid
chr5,600000,650000,earlymid
chr5,950000,1000000,earlymid
chr5,4000000,4050000,late
chr5,4200000,4450000,late
chr5,5900000,5950000,late
chr5,7400000,7500000,late
chr5,8150000,9250000,late
chr5,11300000,13350000,late
chr5,14350000,14450000,latemid
chr5,15450000,16050000,late
chr5,18600000,18750000,late
chr5,18850000,21400000,late
chr5,21550000,26050000,late
chr5,26100000,27200000,late
chr5,27250000,30500000,late
chr5,33100000,33150000,late
chr5,33700000,33750000,late
chr5,34700000,34750000,latemid
chr5,35350000,35650000,late
chr5,37950000,38250000,late
chr5,38800000,39000000,latemid
chr5,39950000,40300000,late
chr5,41300000,41600000,late
chr5,42250000,42500000,late
chr5,44000000,44300000,late
chr5,46000000,46450000,late
chr5,46550000,46750000,late
chr5,46900000,47200000,late
chr5,49500000,49550000,late
chr5,50050000,50400000,late
chr5,51350000,51500000,late
chr5,51650000,51950000,late
chr5,52100000,52200000,late
chr5,53650000,53700000,latemid
chr5,54100000,54150000,late
chr5,55400000,55500000,earlymid
chr5,56300000,56750000,latemid
chr5,58700000,58950000,late
chr5,59550000,59650000,late
chr5,61000000,61150000,latemid
chr5,61450000,61500000,latemid
chr5,61750000,62050000,late
chr5,62500000,62650000,late
chr5,63300000,64150000,late
chr5,65150000,65400000,latemid
chr5,67450000,67750000,late
chr5,69650000,69800000,late
chr5,69950000,70050000,latemid
chr5,70150000,70200000,latemid
chr5,70250000,70350000,earlymid
chr5,70450000,70550000,earlymid
chr5,70650000,70800000,latemid
chr5,71150000,71200000,latemid
chr5,71400000,71500000,late
chr5,72250000,72350000,latemid
chr5,72450000,72700000,latemid
chr5,73250000,73300000,latemid
chr5,74050000,74550000,latemid
chr5,74700000,74800000,latemid
chr5,75050000,75200000,latemid
chr5,75500000,75550000,latemid
chr5,76000000,76100000,late
chr5,78050000,78150000,latemid
chr5,78400000,78600000,latemid
chr5,79550000,80000000,earlymid
chr5,80350000,80500000,earlymid
chr5,80700000,80900000,latemid
chr5,81550000,81700000,latemid
chr5,82050000,82200000,latemid
chr5,82550000,82750000,latemid
chr5,83150000,83300000,latemid
chr5,84050000,86500000,late
chr5,87450000,88050000,late
chr5,89450000,89850000,late
chr5,90650000,91050000,latemid
chr5,91850000,92400000,late
chr5,93850000,94000000,late
chr5,94200000,94650000,latemid
chr5,95000000,95300000,late
chr5,96100000,96500000,latemid
chr5,97800000,97850000,late
chr5,98000000,98250000,late
chr5,99600000,99900000,late
chr5,100900000,102050000,late
chr5,102850000,102950000,latemid
chr5,103650000,103950000,late
chr5,104200000,104450000,late
chr5,104800000,105250000,late
chr5,105800000,107200000,late
chr5,108000000,108200000,late
chr5,108900000,109100000,late
chr5,110100000,110450000,late
chr5,111700000,112100000,late
chr5,114100000,114650000,late
chr5,118100000,118250000,late
chr5,120050000,120350000,late
chr5,120500000,120600000,late
chr5,122200000,122250000,late
chr5,122850000,122950000,late
chr5,123950000,124400000,late
chr5,124950000,126050000,late
chr5,127150000,127400000,late
chr5,129200000,129700000,late
chr5,129900000,130550000,late
chr5,131600000,131700000,latemid
chr5,133550000,133700000,latemid
chr5,135650000,136000000,latemid
chr5,136850000,137000000,late
chr5,138800000,139050000,earlymid
chr5,139850000,140150000,earlymid
chr5,141100000,141250000,late
chr5,143050000,143150000,earlymid
chr5,144400000,144850000,late
chr5,147100000,147150000,late
chr5,147650000,148100000,late
chr5,149900000,150000000,earlymid
chr5,150100000,150150000,earlymid
chr5,151350000,151500000,latemid
chr5,152600000,153350000,late
chr5,154200000,154300000,latemid
chr5,155850000,155900000,late
chr5,156100000,156350000,late
chr5,158400000,158700000,late
chr5,159450000,159750000,latemid
chr5,161250000,161300000,late
chr5,161550000,161750000,late
chr5,161850000,161950000,late
chr5,162300000,162400000,late
chr5,162550000,163050000,late
chr5,164200000,164300000,late
chr5,164400000,167350000,late
chr5,169350000,169500000,late
chr5,171650000,171800000,earlymid
chr5,172450000,172750000,earlymid
chr5,172850000,172950000,earlymid
chr5,174100000,174200000,late
chr5,174850000,175350000,latemid
chr5,175900000,176250000,earlymid
chr5,176650000,176850000,earlymid
chr5,177200000,177300000,early
chr5,177750000,178000000,earlymid
chr5,178750000,179050000,late
chr5,180900000,180950000,earlymid
chr6,250000,400000,late
chr6,850000,1250000,late
chr6,1750000,2100000,late
chr6,2200000,2350000,late
chr6,3550000,3950000,latemid
chr6,4350000,4700000,latemid
chr6,5400000,5700000,late
chr6,6100000,6350000,late
chr6,6800000,7000000,latemid
chr6,7750000,7800000,latemid
chr6,9700000,9900000,late
chr6,12050000,12150000,late
chr6,12650000,12900000,late
chr6,14500000,14600000,late
chr6,15450000,15600000,late
chr6,15750000,15950000,late
chr6,16400000,16550000,late
chr6,16850000,17100000,latemid
chr6,18200000,18250000,earlymid
chr6,19050000,19200000,late
chr6,20850000,21050000,late
chr6,22450000,23850000,late
chr6,24950000,25050000,latemid
chr6,25450000,25550000,late
chr6,26050000,26200000,late
chr6,26850000,27200000,late
chr6,27750000,27950000,late
chr6,28650000,28750000,late
chr6,29150000,29300000,late
chr6,29900000,30000000,late
chr6,30150000,30350000,latemid
chr6,33750000,34100000,earlymid
chr6,34800000,35150000,earlymid
chr6,35850000,36550000,earlymid
chr6,36700000,36900000,earlymid
chr6,38050000,38150000,earlymid
chr6,38900000,39150000,latemid
chr6,40000000,40200000,late
chr6,42350000,42650000,earlymid
chr6,43800000,44000000,earlymid
chr6,45000000,45100000,late
chr6,45750000,46050000,latemid
chr6,46100000,46550000,latemid
chr6,48100000,49250000,late
chr6,50200000,51650000,late
chr6,52750000,53000000,latemid
chr6,54350000,54600000,late
chr6,55400000,55900000,late
chr6,56550000,56750000,latemid
chr6,58450000,58500000,late
chr6,59000000,59100000,late
chr6,60700000,60750000,late
chr6,60800000,62750000,late
chr6,65100000,65200000,late
chr6,65250000,65650000,late
chr6,65750000,68200000,late
chr6,68350000,68550000,late
chr6,68650000,68850000,late
chr6,71800000,72350000,late
chr6,74200000,74900000,late
chr6,76800000,77200000,late
chr6,77700000,78450000,late
chr6,79200000,79300000,latemid
chr6,80700000,81450000,late
chr6,82350000,82700000,latemid
chr6,83000000,83250000,late
chr6,83650000,84000000,latemid
chr6,84450000,84650000,late
chr6,86450000,86600000,late
chr6,88100000,88400000,late
chr6,89650000,89850000,earlymid
chr6,90150000,90200000,latemid
chr6,91350000,94750000,late
chr6,96250000,96400000,late
chr6,98200000,98350000,late
chr6,99950000,100100000,late
chr6,100650000,100800000,late
chr6,102050000,102100000,late
chr6,103300000,103600000,late
chr6,105500000,105950000,latemid
chr6,106500000,106600000,latemid
chr6,107550000,108200000,earlymid
chr6,108300000,108450000,earlymid
chr6,110050000,110300000,latemid
chr6,111200000,111450000,earlymid
chr6,112500000,113200000,late
chr6,114550000,115450000,late
chr6,116150000,116250000,latemid
chr6,117050000,117250000,late
chr6,117950000,118200000,late
chr6,119950000,121200000,late
chr6,121600000,122250000,late
chr6,123350000,124400000,late
chr6,125400000,125600000,late
chr6,126750000,127000000,late
chr6,127650000,127750000,latemid
chr6,128750000,129000000,late
chr6,130250000,130700000,latemid
chr6,130850000,131000000,latemid
chr6,131300000,131500000,latemid
chr6,131850000,132300000,latemid
chr6,133100000,133450000,late
chr6,134500000,134600000,late
chr6,135400000,136000000,latemid
chr6,136500000,136700000,latemid
chr6,137300000,137600000,late
chr6,140100000,140500000,late
chr6,142550000,142600000,latemid
chr6,142750000,142950000,latemid
chr6,143100000,143250000,latemid
chr6,143650000,143800000,earlymid
chr6,144100000,144200000,latemid
chr6,144400000,144550000,latemid
chr6,145300000,145650000,late
chr6,146300000,146550000,late
chr6,147650000,147950000,late
chr6,148350000,148500000,latemid
chr6,148750000,148950000,latemid
chr6,150250000,150500000,latemid
chr6,151850000,152250000,late
chr6,152600000,152700000,late
chr6,153600000,153800000,late
chr6,155750000,156400000,late
chr6,156900000,156950000,latemid
chr6,157400000,157700000,earlymid
chr6,158300000,158500000,earlymid
chr6,159400000,159500000,latemid
chr6,160500000,160650000,late
chr6,162200000,163850000,late
chr6,164200000,164900000,late
chr6,167250000,167700000,late
chr6,168400000,168900000,late
chr6,169800000,170450000,latemid
chr7,0,400000,earlymid
chr7,1200000,1350000,earlymid
chr7,1900000,2050000,earlymid
chr7,3600000,3900000,late
chr7,7150000,7400000,latemid
chr7,7800000,8050000,latemid
chr7,9150000,10000000,late
chr7,11550000,11700000,late
chr7,12800000,12950000,late
chr7,13350000,13750000,late
chr7,14800000,15200000,late
chr7,17050000,17200000,latemid
chr7,17450000,17700000,late
chr7,17750000,17900000,late
chr7,18300000,18750000,late
chr7,19100000,19600000,late
chr7,20900000,21200000,late
chr7,22050000,22300000,latemid
chr7,24100000,24250000,late
chr7,24800000,24900000,latemid
chr7,25450000,25650000,late
chr7,26650000,26800000,latemid
chr7,27450000,27550000,earlymid
chr7,27800000,27900000,earlymid
chr7,28050000,28100000,latemid
chr7,28400000,28850000,late
chr7,28950000,29350000,late
chr7,31500000,32050000,late
chr7,33750000,33850000,late
chr7,34100000,34600000,late
chr7,35150000,35400000,late
chr7,35800000,36250000,earlymid
chr7,37450000,37750000,late
chr7,38500000,38800000,late
chr7,39100000,39150000,late
chr7,41400000,41600000,late
chr7,41800000,41850000,late
chr7,42050000,42450000,late
chr7,44200000,44500000,earlymid
chr7,45550000,45600000,late
chr7,46200000,46400000,late
chr7,47300000,47450000,latemid
chr7,48550000,49800000,late
chr7,50600000,50750000,late
chr7,52000000,54250000,late
chr7,55050000,55200000,latemid
chr7,55300000,55550000,latemid
chr7,57050000,58150000,late
chr7,58600000,58650000,late
chr7,58800000,58950000,late
chr7,59150000,59300000,late
chr7,59500000,59600000,late
chr7,59800000,59900000,late
chr7,60050000,60200000,late
chr7,60500000,60550000,late
chr7,60750000,60850000,late
chr7,61350000,61450000,late
chr7,62050000,62150000,late
chr7,63800000,64050000,late
chr7,65450000,65500000,latemid
chr7,66300000,66400000,earlymid
chr7,68100000,71500000,late
chr7,73900000,74050000,early
chr7,74450000,74600000,early
chr7,75300000,75350000,earlymid
chr7,75500000,75650000,earlymid
chr7,76650000,76700000,late
chr7,77100000,77150000,latemid
chr7,77700000,77900000,latemid
chr7,78650000,78800000,late
chr7,80500000,80600000,latemid
chr7,81600000,82650000,late
chr7,82900000,83100000,late
chr7,83450000,84150000,late
chr7,85700000,86300000,late
chr7,87300000,87550000,latemid
chr7,88850000,89550000,late
chr7,90850000,91100000,late
chr7,93550000,93650000,late
chr7,93700000,93800000,late
chr7,93850000,94000000,late
chr7,95000000,95200000,late
chr7,95900000,96250000,late
chr7,96450000,97050000,late
chr7,97200000,97550000,late
chr7,98600000,98800000,earlymid
chr7,99600000,99950000,earlymid
chr7,100250000,100350000,early
chr7,100850000,101000000,earlymid
chr7,101900000,102050000,earlymid
chr7,103750000,104050000,late
chr7,104400000,104450000,late
chr7,105050000,105250000,earlymid
chr7,106350000,106900000,latemid
chr7,107200000,107400000,late
chr7,108250000,108450000,latemid
chr7,108850000,110300000,late
chr7,111000000,111150000,late
chr7,111900000,112050000,late
chr7,113200000,113950000,late
chr7,114200000,114550000,late
chr7,114950000,115650000,late
chr7,117700000,117900000,late
chr7,119000000,119100000,late
chr7,119550000,120200000,late
chr7,121800000,121950000,late
chr7,122600000,122700000,late
chr7,124150000,124750000,late
chr7,126050000,126450000,late
chr7,126900000,127050000,late
chr7,127750000,127950000,latemid
chr7,129000000,129400000,earlymid
chr7,130300000,130650000,earlymid
chr7,132050000,132500000,late
chr7,132850000,133000000,late
chr7,133700000,133800000,late
chr7,136550000,137350000,late
chr7,138150000,138250000,late
chr7,139650000,139750000,earlymid
chr7,141300000,141400000,late
chr7,142050000,142200000,late
chr7,142850000,143000000,late
chr7,143600000,143700000,late
chr7,143800000,144000000,latemid
chr7,145350000,145650000,late
chr7,145800000,145900000,late
chr7,145950000,147600000,late
chr7,148350000,148450000,late
chr7,150100000,150200000,latemid
chr7,150500000,150650000,latemid
chr7,152050000,152300000,latemid
chr7,152500000,152550000,earlymid
chr7,153500000,154500000,late
chr7,156050000,156400000,latemid
chr7,158050000,158200000,late
chr8,100000,150000,late
chr8,300000,700000,late
chr8,800000,950000,late
chr8,2500000,2700000,late
chr8,2950000,3000000,late
chr8,3350000,4900000,late
chr8,5200000,5350000,late
chr8,7050000,7350000,late
chr8,7600000,7700000,late
chr8,7950000,8000000,late
chr8,8450000,8800000,latemid
chr8,9600000,9700000,latemid
chr8,10150000,10350000,late
chr8,11000000,11150000,late
chr8,12150000,12200000,latemid
chr8,12450000,12500000,latemid
chr8,13700000,15250000,late
chr8,15750000,15800000,late
chr8,18600000,18800000,late
chr8,19600000,19700000,late
chr8,19950000,20050000,late
chr8,20750000,21150000,late
chr8,22250000,22500000,early
chr8,22700000,23000000,earlymid
chr8,24250000,24800000,late
chr8,25700000,25900000,late
chr8,26800000,27050000,late
chr8,27900000,28150000,earlymid
chr8,29050000,29100000,latemid
chr8,29450000,29900000,latemid
chr8,30200000,30450000,earlymid
chr8,31600000,32400000,late
chr8,35150000,35250000,late
chr8,35750000,35800000,late
chr8,38500000,38750000,earlymid
chr8,40250000,40700000,late
chr8,41900000,42000000,latemid
chr8,42650000,42850000,earlymid
chr8,43550000,44750000,late
chr8,44800000,45500000,late
chr8,46300000,46650000,late
chr8,47300000,47500000,latemid
chr8,49650000,51350000,late
chr8,52150000,52300000,late
chr8,53000000,53400000,late
chr8,54850000,55150000,late
chr8,56650000,56800000,late
chr8,57150000,58050000,late
chr8,59100000,60000000,late
chr8,61200000,61500000,late
chr8,62400000,62750000,late
chr8,63650000,65150000,late
chr8,68150000,69300000,late
chr8,71350000,71650000,late
chr8,73400000,73600000,latemid
chr8,74550000,74700000,late
chr8,75650000,76400000,late
chr8,77600000,77900000,late
chr8,79100000,79250000,late
chr8,79950000,80050000,latemid
chr8,80700000,80850000,latemid
chr8,81300000,81600000,latemid
chr8,82500000,84550000,late
chr8,85700000,85750000,late
chr8,86400000,86550000,late
chr8,87100000,87500000,late
chr8,89000000,89050000,late
chr8,90250000,90500000,late
chr8,92000000,92600000,late
chr8,94250000,94300000,earlymid
chr8,95900000,96000000,late
chr8,96700000,96950000,late
chr8,98550000,98700000,latemid
chr8,99500000,99600000,late
chr8,100250000,100550000,earlymid
chr8,101550000,102150000,latemid
chr8,103300000,103350000,latemid
chr8,104550000,104800000,late
chr8,104850000,105350000,late
chr8,107300000,107750000,late
chr8,108400000,108900000,late
chr8,110150000,115950000,late
chr8,117100000,117600000,late
chr8,118400000,118550000,late
chr8,118850000,119000000,late
chr8,121450000,121550000,late
chr8,121900000,122300000,late
chr8,123950000,124100000,latemid
chr8,124500000,124650000,latemid
chr8,126200000,126650000,latemid
chr8,127450000,127650000,earlymid
chr8,128600000,128750000,late
chr8,131000000,131650000,late
chr8,132300000,132450000,late
chr8,134000000,134200000,late
chr8,135550000,135600000,late
chr8,135900000,138650000,late
chr8,139800000,139950000,late
chr8,140650000,140950000,earlymid
chr8,141350000,141400000,earlymid
chr8,141750000,142050000,latemid
chr8,142850000,143050000,earlymid
chr8,143200000,143250000,earlymid
chr8,143750000,144000000,early
chr8,144150000,144250000,early
chr8,144650000,144800000,late
chr9,200000,300000,late
chr9,1200000,1800000,late
chr9,2350000,2500000,late
chr9,3000000,3100000,late
chr9,3350000,3400000,late
chr9,3850000,4100000,late
chr9,5050000,5350000,latemid
chr9,6100000,6300000,latemid
chr9,7850000,12050000,late
chr9,12200000,12250000,late
chr9,13450000,13750000,late
chr9,13850000,14050000,late
chr9,17000000,17300000,late
chr9,19850000,20200000,late
chr9,20750000,21000000,latemid
chr9,23800000,25650000,late
chr9,25850000,25900000,late
chr9,26900000,27050000,late
chr9,28200000,28300000,late
chr9,31650000,31800000,late
chr9,31950000,32250000,late
chr9,33500000,33700000,earlymid
chr9,35100000,35350000,earlymid
chr9,35900000,36250000,earlymid
chr9,36850000,37200000,earlymid
chr9,39100000,39300000,late
chr9,39450000,39500000,late
chr9,39800000,39900000,late
chr9,40200000,40400000,late
chr9,40500000,40550000,late
chr9,40750000,40950000,late
chr9,41950000,42050000,late
chr9,42800000,43250000,late
chr9,43650000,43750000,late
chr9,43900000,43950000,late
chr9,45250000,45350000,late
chr9,45550000,45600000,late
chr9,60450000,60700000,late
chr9,60900000,60950000,late
chr9,61000000,61150000,late
chr9,61500000,61750000,late
chr9,61950000,62100000,late
chr9,62550000,63050000,latemid
chr9,63100000,63200000,late
chr9,63500000,63550000,late
chr9,64100000,64150000,late
chr9,65000000,65100000,late
chr9,65350000,65600000,late
chr9,65800000,65900000,late
chr9,66350000,66450000,late
chr9,66500000,66650000,late
chr9,67150000,67250000,late
chr9,67400000,67650000,late
chr9,67950000,68000000,late
chr9,68500000,68850000,late
chr9,69450000,69650000,late
chr9,70000000,70150000,late
chr9,71000000,71200000,late
chr9,72650000,73050000,latemid
chr9,73600000,74400000,late
chr9,75350000,75800000,late
chr9,76600000,77000000,late
chr9,77500000,77900000,late
chr9,79400000,79550000,late
chr9,79650000,80850000,late
chr9,82200000,82900000,late
chr9,84700000,85100000,late
chr9,87000000,87100000,late
chr9,88700000,89100000,late
chr9,90300000,90400000,late
chr9,91500000,91700000,latemid
chr9,92250000,92550000,earlymid
chr9,93700000,93800000,latemid
chr9,94950000,95050000,latemid
chr9,95900000,95950000,latemid
chr9,96750000,97000000,earlymid
chr9,97100000,97300000,earlymid
chr9,97600000,97850000,earlymid
chr9,99400000,99700000,latemid
chr9,99900000,100200000,latemid
chr9,100900000,101050000,late
chr9,101250000,101400000,latemid
chr9,102200000,103900000,late
chr9,106150000,106350000,late
chr9,108250000,108400000,late
chr9,109700000,109800000,latemid
chr9,110850000,111000000,late
chr9,112900000,113100000,earlymid
chr9,113850000,114000000,latemid
chr9,115650000,115900000,late
chr9,117050000,119350000,late
chr9,119500000,119550000,late
chr9,121650000,122100000,earlymid
chr9,122550000,122650000,latemid
chr9,122950000,123050000,latemid
chr9,123550000,123800000,latemid
chr9,124900000,125150000,early
chr9,125850000,125950000,latemid
chr9,126050000,126200000,latemid
chr9,129200000,129300000,early
chr9,130200000,130600000,earlymid
chr9,131900000,132100000,earlymid
chr9,132600000,132750000,earlymid
chr9,133750000,134000000,earlymid
chr9,134900000,135000000,late
chr9,136200000,136250000,early
chr9,138250000,138300000,latemid
chr10,0,100000,earlymid
chr10,400000,450000,latemid
chr10,1850000,2450000,late
chr10,3500000,3600000,late
chr10,4150000,4600000,late
chr10,4900000,5200000,late
chr10,7050000,7100000,late
chr10,7150000,7250000,late
chr10,9750000,9800000,late
chr10,9900000,10000000,late
chr10,12600000,12700000,latemid
chr10,13950000,14350000,late
chr10,16000000,16300000,late
chr10,16500000,16650000,late
chr10,18500000,18600000,late
chr10,19000000,20350000,late
chr10,21850000,21950000,latemid
chr10,23750000,24050000,late
chr10,25850000,26100000,late
chr10,27050000,27150000,latemid
chr10,27450000,27600000,earlymid
chr10,28850000,29300000,latemid
chr10,29450000,29650000,latemid
chr10,30850000,31050000,latemid
chr10,31100000,31500000,latemid
chr10,32500000,32650000,latemid
chr10,33450000,33850000,late
chr10,34250000,34500000,late
chr10,36100000,37450000,late
chr10,39000000,39200000,late
chr10,39550000,39600000,late
chr10,39750000,39800000,late
chr10,40550000,40700000,late
chr10,40750000,40900000,late
chr10,41350000,41400000,late
chr10,41500000,41750000,late
chr10,42000000,42100000,late
chr10,44500000,44550000,late
chr10,45050000,45250000,late
chr10,45900000,46450000,latemid
chr10,47050000,47150000,latemid
chr10,49000000,49150000,late
chr10,49750000,49950000,latemid
chr10,50350000,50550000,latemid
chr10,51400000,51600000,late
chr10,53550000,53600000,late
chr10,53950000,54000000,late
chr10,54100000,54200000,late
chr10,54300000,56100000,late
chr10,56500000,56950000,late
chr10,57050000,57250000,late
chr10,59050000,59350000,late
chr10,60200000,60400000,late
chr10,61100000,61600000,late
chr10,62550000,63050000,latemid
chr10,63200000,63300000,latemid
chr10,64300000,65350000,late
chr10,65650000,65800000,late
chr10,66000000,67350000,late
chr10,69000000,69150000,earlymid
chr10,69500000,69850000,earlymid
chr10,71100000,71250000,earlymid
chr10,71900000,72000000,earlymid
chr10,72500000,73100000,earlymid
chr10,73700000,73800000,early
chr10,74350000,74550000,latemid
chr10,76250000,76800000,late
chr10,78450000,78650000,latemid
chr10,79600000,80250000,earlymid
chr10,81350000,83150000,late
chr10,83250000,83450000,late
chr10,85000000,85150000,late
chr10,85800000,85900000,late
chr10,87300000,87550000,earlymid
chr10,88250000,88600000,latemid
chr10,89050000,89300000,latemid
chr10,90150000,90500000,latemid
chr10,91350000,91550000,latemid
chr10,92200000,92250000,early
chr10,92950000,93050000,earlymid
chr10,93800000,94250000,earlymid
chr10,94700000,94950000,latemid
chr10,95650000,96350000,earlymid
chr10,96700000,97000000,earlymid
chr10,98150000,98250000,latemid
chr10,98700000,99100000,late
chr10,100050000,100150000,earlymid
chr10,100550000,100800000,earlymid
chr10,101150000,101650000,earlymid
chr10,101750000,101850000,earlymid
chr10,102200000,102300000,early
chr10,102900000,103150000,earlymid
chr10,103650000,103700000,early
chr10,105150000,108500000,late
chr10,111450000,111600000,late
chr10,112550000,112700000,earlymid
chr10,113550000,114300000,earlymid
chr10,115500000,116050000,late
chr10,118000000,118100000,late
chr10,120500000,120650000,late
chr10,121000000,121300000,late
chr10,122650000,122900000,latemid
chr10,123300000,123500000,late
chr10,123650000,123800000,late
chr10,125300000,125600000,latemid
chr10,126300000,126750000,late
chr10,127150000,127250000,late
chr10,128850000,129200000,late
chr10,129300000,129550000,late
chr10,130650000,131000000,late
chr10,132850000,133000000,earlymid
chr10,133700000,133750000,late
chr11,1050000,1600000,earlymid
chr11,2000000,2100000,late
chr11,3200000,3600000,earlymid
chr11,4600000,4900000,late
chr11,5300000,5400000,latemid
chr11,5900000,6050000,latemid
chr11,7250000,7400000,late
chr11,9900000,10150000,earlymid
chr11,11300000,11500000,latemid
chr11,12750000,13000000,latemid
chr11,13850000,14000000,latemid
chr11,15500000,15750000,late
chr11,16050000,16100000,late
chr11,17600000,17700000,earlymid
chr11,17800000,18000000,earlymid
chr11,18900000,19150000,latemid
chr11,19400000,19500000,late
chr11,21400000,21950000,late
chr11,23250000,25150000,late
chr11,25300000,26050000,late
chr11,27800000,27850000,earlymid
chr11,28900000,29200000,late
chr11,29800000,29950000,late
chr11,30050000,30100000,late
chr11,30550000,30700000,late
chr11,31350000,31650000,late
chr11,32150000,32350000,latemid
chr11,33450000,33550000,earlymid
chr11,33800000,33950000,earlymid
chr11,34650000,34850000,earlymid
chr11,35650000,35800000,latemid
chr11,36050000,36300000,latemid
chr11,37700000,37800000,late
chr11,37850000,39700000,late
chr11,39750000,40200000,late
chr11,40300000,40500000,late
chr11,44350000,44450000,earlymid
chr11,45400000,45500000,latemid
chr11,46000000,46250000,earlymid
chr11,46800000,47250000,early
chr11,48800000,48950000,late
chr11,49000000,49800000,late
chr11,50350000,50600000,late
chr11,50650000,50750000,late
chr11,51150000,51300000,late
chr11,51950000,52000000,late
chr11,52150000,52200000,late
chr11,52950000,53050000,late
chr11,53350000,53400000,late
chr11,53600000,53650000,late
chr11,54400000,54450000,late
chr11,54800000,56250000,late
chr11,56300000,56600000,late
chr11,58250000,58400000,late
chr11,60100000,60500000,late
chr11,62100000,62250000,earlymid
chr11,63250000,63450000,latemid
chr11,64050000,64150000,early
chr11,64500000,64600000,earlymid
chr11,64900000,65250000,early
chr11,65600000,65850000,early
chr11,66150000,66200000,early
chr11,66500000,66900000,early
chr11,67650000,67900000,earlymid
chr11,68600000,68700000,earlymid
chr11,69950000,70050000,earlymid
chr11,70800000,71100000,latemid
chr11,72300000,72500000,earlymid
chr11,72900000,73100000,earlymid
chr11,74200000,74600000,earlymid
chr11,74850000,75150000,earlymid
chr11,75900000,76050000,earlymid
chr11,76550000,76650000,earlymid
chr11,77150000,77500000,earlymid
chr11,79350000,82050000,late
chr11,84000000,84650000,late
chr11,86600000,86800000,latemid
chr11,87550000,88000000,late
chr11,89400000,89750000,late
chr11,90600000,90650000,late
chr11,90800000,92500000,late
chr11,94200000,94300000,late
chr11,95500000,95600000,late
chr11,97450000,100100000,late
chr11,100800000,101450000,late
chr11,103850000,104200000,late
chr11,106450000,106850000,late
chr11,108050000,108250000,earlymid
chr11,109300000,109600000,late
chr11,110950000,111150000,late
chr11,112900000,113150000,late
chr11,115200000,115600000,late
chr11,115800000,115850000,late
chr11,117600000,117850000,latemid
chr11,119850000,120050000,latemid
chr11,120750000,121350000,latemid
chr11,121800000,121850000,earlymid
chr11,122350000,122550000,earlymid
chr11,123850000,124350000,late
chr11,125550000,125750000,latemid
chr11,127150000,127900000,late
chr11,129000000,129250000,latemid
chr11,129450000,129600000,latemid
chr11,131450000,131550000,late
chr11,131750000,131850000,late
chr11,132000000,132750000,late
chr11,132900000,132950000,late
chr12,0,150000,latemid
chr12,1200000,1350000,earlymid
chr12,2150000,2450000,latemid
chr12,3600000,3700000,latemid
chr12,4050000,4150000,late
chr12,5200000,5400000,late
chr12,7500000,7650000,latemid
chr12,8650000,8800000,late
chr12,9750000,10100000,late
chr12,10800000,10900000,latemid
chr12,11050000,11200000,late
chr12,11350000,11450000,late
chr12,11750000,11800000,late
chr12,13700000,13950000,latemid
chr12,14400000,14550000,late
chr12,15000000,15300000,late
chr12,17300000,17700000,late
chr12,20000000,20300000,late
chr12,21750000,22350000,late
chr12,23150000,24650000,late
chr12,25500000,25900000,late
chr12,26350000,26500000,latemid
chr12,28300000,28550000,late
chr12,29750000,30200000,late
chr12,31250000,31350000,earlymid
chr12,32200000,32250000,latemid
chr12,33600000,33900000,late
chr12,34450000,34550000,late
chr12,35500000,35600000,late
chr12,36200000,36350000,late
chr12,36600000,36650000,late
chr12,37800000,38000000,late
chr12,38700000,38850000,late
chr12,39800000,40100000,late
chr12,41300000,41650000,late
chr12,42850000,43250000,late
chr12,44150000,44350000,late
chr12,44600000,44800000,late
chr12,45800000,45900000,latemid
chr12,47150000,47250000,latemid
chr12,48250000,48450000,earlymid
chr12,49500000,50050000,early
chr12,50600000,50800000,earlymid
chr12,50850000,50950000,earlymid
chr12,51550000,51750000,earlymid
chr12,52500000,52550000,earlymid
chr12,53750000,54050000,earlymid
chr12,55100000,55150000,late
chr12,56750000,57050000,early
chr12,57300000,57400000,early
chr12,59250000,59500000,late
chr12,60600000,60950000,late
chr12,61100000,61350000,late
chr12,63250000,63550000,late
chr12,64350000,64450000,earlymid
chr12,64950000,65050000,earlymid
chr12,66750000,66950000,late
chr12,67700000,67900000,late
chr12,69000000,69250000,earlymid
chr12,70050000,70300000,latemid
chr12,70850000,71300000,late
chr12,72350000,73850000,late
chr12,76250000,76350000,earlymid
chr12,77300000,77650000,late
chr12,78000000,78550000,late
chr12,79050000,79200000,late
chr12,80950000,81200000,late
chr12,82900000,83000000,late
chr12,84150000,84250000,late
chr12,85950000,87750000,late
chr12,88500000,88550000,earlymid
chr12,90200000,90850000,late
chr12,91000000,91350000,late
chr12,91450000,91750000,late
chr12,91800000,91950000,late
chr12,92250000,92400000,late
chr12,93050000,93150000,latemid
chr12,93750000,94450000,latemid
chr12,95600000,95800000,earlymid
chr12,97450000,97600000,late
chr12,99350000,99550000,late
chr12,101100000,101250000,late
chr12,103000000,103150000,late
chr12,104050000,104150000,earlymid
chr12,104800000,104950000,earlymid
chr12,105800000,105850000,late
chr12,106450000,106600000,latemid
chr12,107300000,107550000,latemid
chr12,107900000,108150000,late
chr12,109150000,109350000,earlymid
chr12,110950000,111200000,earlymid
chr12,112700000,112900000,earlymid
chr12,114200000,114500000,late
chr12,115100000,115350000,late
chr12,117350000,117600000,latemid
chr12,118700000,119050000,late
chr12,119200000,119400000,late
chr12,121000000,121150000,earlymid
chr12,122000000,122650000,early
chr12,123050000,123200000,early
chr12,124150000,124450000,earlymid
chr12,125800000,126650000,late
chr12,126950000,127050000,late
chr12,127500000,128700000,late
chr12,129250000,129800000,late
chr12,131050000,131450000,latemid
chr12,132200000,132350000,earlymid
chr13,18100000,18350000,late
chr13,18800000,19000000,late
chr13,20200000,20650000,earlymid
chr13,21900000,22600000,late
chr13,22900000,23300000,late
chr13,25050000,25150000,latemid
chr13,25700000,25800000,late
chr13,26500000,26700000,late
chr13,27600000,27900000,latemid
chr13,28950000,29300000,late
chr13,31500000,31750000,late
chr13,33000000,33650000,latemid
chr13,34400000,34700000,late
chr13,35250000,35350000,late
chr13,36050000,36450000,late
chr13,37500000,38750000,late
chr13,39300000,39350000,late
chr13,41700000,41800000,latemid
chr13,42600000,42750000,late
chr13,43250000,43300000,late
chr13,46000000,46400000,latemid
chr13,47200000,47500000,late
chr13,48550000,48900000,latemid
chr13,49450000,50000000,earlymid
chr13,50450000,50650000,latemid
chr13,51550000,51750000,earlymid
chr13,53800000,54200000,late
chr13,54250000,58150000,late
chr13,59700000,59950000,late
chr13,60950000,61950000,late
chr13,66100000,66550000,late
chr13,67950000,68000000,late
chr13,68450000,68550000,late
chr13,68650000,69000000,late
chr13,69100000,69300000,late
chr13,69350000,69450000,late
chr13,69700000,69900000,late
chr13,70000000,70150000,late
chr13,70750000,70850000,late
chr13,71050000,71200000,late
chr13,73800000,74000000,late
chr13,74600000,74850000,late
chr13,76200000,76450000,late
chr13,78050000,78200000,late
chr13,78750000,78950000,late
chr13,80200000,80450000,late
chr13,81200000,81450000,late
chr13,81950000,82000000,late
chr13,82600000,82900000,late
chr13,83050000,83100000,late
chr13,83400000,83500000,late
chr13,83750000,84100000,late
chr13,85300000,85400000,late
chr13,86150000,86300000,late
chr13,86650000,86700000,late
chr13,87200000,87250000,late
chr13,87400000,87450000,late
chr13,87800000,87850000,late
chr13,88600000,88700000,late
chr13,91700000,93850000,late
chr13,94700000,94950000,late
chr13,95850000,96050000,late
chr13,96400000,96500000,late
chr13,97550000,97750000,latemid
chr13,98150000,98400000,latemid
chr13,98900000,98950000,earlymid
chr13,99600000,99900000,earlymid
chr13,100350000,100500000,latemid
chr13,101200000,102250000,late
chr13,103250000,103850000,late
chr13,107200000,107900000,late
chr13,108400000,108600000,late
chr13,109450000,109950000,late
chr13,111750000,112050000,late
chr13,113750000,114150000,earlymid
chr14,16050000,16200000,late
chr14,18600000,18800000,late
chr14,19000000,19350000,late
chr14,20700000,20900000,earlymid
chr14,21950000,22150000,late
chr14,23650000,23800000,earlymid
chr14,25450000,29950000,late
chr14,31700000,31800000,latemid
chr14,33100000,33350000,late
chr14,34800000,34900000,earlymid
chr14,35000000,35300000,early
chr14,36150000,36500000,late
chr14,36750000,36900000,late
chr14,37400000,37550000,latemid
chr14,37950000,38500000,late
chr14,40750000,40800000,late
chr14,40850000,41100000,late
chr14,41350000,41550000,late
chr14,41650000,42400000,late
chr14,42600000,43350000,late
chr14,46250000,46300000,late
chr14,46650000,47750000,late
chr14,48200000,48250000,late
chr14,50200000,50350000,earlymid
chr14,52050000,52200000,latemid
chr14,53300000,53400000,earlymid
chr14,54000000,54200000,latemid
chr14,55250000,55450000,earlymid
chr14,56200000,56400000,late
chr14,56650000,57050000,late
chr14,57600000,57700000,late
chr14,58800000,58950000,latemid
chr14,59600000,59950000,latemid
chr14,60250000,60500000,latemid
chr14,60850000,61050000,latemid
chr14,62450000,62800000,late
chr14,63900000,64100000,earlymid
chr14,65550000,65650000,latemid
chr14,66400000,66550000,earlymid
chr14,70050000,70250000,late
chr14,71450000,71600000,latemid
chr14,72050000,72350000,late
chr14,73250000,73650000,earlymid
chr14,75800000,75950000,latemid
chr14,76250000,76650000,earlymid
chr14,78650000,80000000,late
chr14,80400000,80750000,late
chr14,82550000,82700000,late
chr14,82750000,84500000,late
chr14,84600000,87300000,late
chr14,87450000,87550000,late
chr14,88400000,88550000,late
chr14,89300000,89350000,late
chr14,91500000,91650000,latemid
chr14,91800000,92000000,earlymid
chr14,92200000,92650000,earlymid
chr14,92900000,93050000,latemid
chr14,94750000,94950000,latemid
chr14,95800000,96050000,late
chr14,96650000,96700000,latemid
chr14,96950000,97000000,latemid
chr14,97750000,98700000,late
chr14,99750000,100050000,earlymid
chr14,101250000,101350000,late
chr14,102200000,102400000,early
chr14,103200000,103300000,earlymid
chr14,104250000,104350000,latemid
chr14,105100000,105400000,early
chr14,105550000,105650000,late
chr14,106700000,106850000,late
chr15,17000000,17250000,late
chr15,17400000,17450000,late
chr15,17650000,17700000,late
chr15,17950000,18150000,late
chr15,19000000,19650000,late
chr15,20100000,20650000,late
chr15,20700000,20850000,late
chr15,20900000,21000000,late
chr15,21100000,21200000,late
chr15,21550000,21800000,late
chr15,22300000,22400000,late
chr15,24050000,24850000,late
chr15,26150000,26550000,late
chr15,28100000,28150000,late
chr15,28450000,28500000,late
chr15,28650000,28750000,late
chr15,29200000,29250000,late
chr15,30200000,30350000,latemid
chr15,30600000,30650000,latemid
chr15,30900000,31000000,latemid
chr15,31250000,31350000,latemid
chr15,31550000,31700000,late
chr15,31750000,31800000,late
chr15,31850000,31900000,late
chr15,32550000,32650000,latemid
chr15,33450000,33550000,late
chr15,34700000,34900000,latemid
chr15,35850000,36350000,late
chr15,36950000,37050000,late
chr15,37350000,37800000,late
chr15,38900000,39000000,late
chr15,40450000,40600000,early
chr15,41150000,41300000,earlymid
chr15,42000000,42300000,earlymid
chr15,42600000,43400000,earlymid
chr15,43850000,44100000,earlymid
chr15,44850000,45100000,earlymid
chr15,46300000,47750000,late
chr15,49450000,49900000,latemid
chr15,51100000,51350000,earlymid
chr15,51500000,51550000,earlymid
chr15,52300000,52450000,earlymid
chr15,53900000,54550000,late
chr15,55650000,55800000,latemid
chr15,56100000,56700000,latemid
chr15,57050000,57150000,latemid
chr15,57900000,58100000,latemid
chr15,59150000,59300000,earlymid
chr15,59850000,60000000,latemid
chr15,61300000,61550000,late
chr15,62450000,62650000,late
chr15,63600000,63750000,earlymid
chr15,64500000,64600000,early
chr15,65850000,66200000,earlymid
chr15,67950000,68200000,earlymid
chr15,68350000,68500000,earlymid
chr15,68800000,69000000,earlymid
chr15,69850000,69950000,latemid
chr15,71300000,71450000,latemid
chr15,73050000,73250000,latemid
chr15,74000000,74150000,earlymid
chr15,74550000,74750000,early
chr15,75000000,75550000,early
chr15,76000000,76150000,earlymid
chr15,76600000,76700000,latemid
chr15,77250000,77350000,earlymid
chr15,77650000,77850000,earlymid
chr15,78150000,78550000,earlymid
chr15,79450000,79700000,latemid
chr15,80300000,80500000,latemid
chr15,81550000,81850000,late
chr15,82500000,82600000,earlymid
chr15,83600000,83750000,late
chr15,84350000,84450000,earlymid
chr15,85050000,85250000,earlymid
chr15,86350000,87950000,late
chr15,89350000,89550000,earlymid
chr15,91750000,92050000,late
chr15,93550000,94000000,late
chr15,94700000,95150000,late
chr15,95350000,95400000,late
chr15,96800000,98150000,late
chr15,98750000,98800000,late
chr15,99150000,99400000,latemid
chr15,100000000,100300000,late
chr15,100800000,100950000,earlymid
chr15,101800000,101900000,late
chr16,0,250000,early
chr16,500000,650000,early
chr16,850000,1050000,early
chr16,1550000,1850000,early
chr16,2300000,2600000,early
chr16,3250000,3450000,earlymid
chr16,4300000,4450000,earlymid
chr16,6000000,6200000,late
chr16,6700000,6750000,late
chr16,6900000,7850000,late
chr16,9800000,9950000,late
chr16,13100000,13350000,late
chr16,14750000,14900000,earlymid
chr16,15050000,15150000,earlymid
chr16,15300000,15350000,earlymid
chr16,15500000,15550000,earlymid
chr16,16050000,16250000,earlymid
chr16,16350000,16400000,latemid
chr16,16650000,16700000,late
chr16,16900000,16950000,late
chr16,17250000,17350000,late
chr16,18650000,18700000,earlymid
chr16,20050000,20350000,late
chr16,21350000,21400000,earlymid
chr16,22800000,22950000,late
chr16,24100000,24200000,late
chr16,25950000,26500000,late
chr16,27550000,27750000,latemid
chr16,29200000,29250000,earlymid
chr16,29550000,29650000,early
chr16,30150000,30300000,early
chr16,30450000,30550000,early
chr16,32250000,32400000,late
chr16,32750000,32850000,late
chr16,33000000,33050000,late
chr16,33250000,33950000,late
chr16,34500000,35100000,late
chr16,35950000,36100000,late
chr16,36600000,36800000,late
chr16,37000000,37150000,late
chr16,37450000,37500000,late
chr16,37650000,37700000,late
chr16,38300000,38350000,late
chr16,46300000,46450000,late
chr16,47450000,47550000,late
chr16,49050000,49300000,late
chr16,51350000,52600000,late
chr16,53850000,53950000,late
chr16,54400000,54950000,late
chr16,55050000,55300000,late
chr16,55700000,55900000,late
chr16,57350000,57450000,earlymid
chr16,58250000,58550000,earlymid
chr16,61100000,61150000,late
chr16,61250000,61350000,late
chr16,61500000,61650000,late
chr16,62700000,63150000,late
chr16,63500000,63950000,late
chr16,64150000,64250000,late
chr16,64350000,64550000,late
chr16,64700000,64800000,late
chr16,67300000,67400000,early
chr16,68350000,68600000,earlymid
chr16,69200000,69300000,early
chr16,69800000,70200000,early
chr16,71050000,71300000,latemid
chr16,72550000,72800000,late
chr16,73500000,73850000,late
chr16,74800000,75000000,early
chr16,76500000,76950000,late
chr16,77150000,77350000,late
chr16,78300000,78850000,late
chr16,79350000,80250000,late
chr16,81550000,81650000,earlymid
chr16,82650000,83300000,late
chr16,85300000,85350000,earlymid
chr16,86750000,86900000,latemid
chr16,87300000,87400000,earlymid
chr16,88100000,88250000,earlymid
chr16,88900000,89450000,early
chr17,150000,850000,earlymid
chr17,1000000,1050000,latemid
chr17,1250000,1450000,early
chr17,1700000,1750000,early
chr17,3150000,3350000,latemid
chr17,4050000,4300000,earlymid
chr17,5850000,6150000,late
chr17,6700000,6800000,earlymid
chr17,7700000,8100000,early
chr17,9150000,9200000,latemid
chr17,9250000,9400000,latemid
chr17,10000000,10150000,latemid
chr17,10400000,10600000,late
chr17,11100000,11500000,late
chr17,12400000,12650000,late
chr17,13100000,14200000,late
chr17,14500000,14850000,late
chr17,16650000,16800000,earlymid
chr17,17400000,17550000,earlymid
chr17,18450000,18700000,earlymid
chr17,20600000,20700000,latemid
chr17,22050000,22700000,late
chr17,23650000,24350000,late
chr17,24900000,25000000,late
chr17,25500000,25550000,late
chr17,25700000,25800000,late
chr17,25900000,26000000,late
chr17,26250000,26450000,late
chr17,26750000,26950000,late
chr17,27750000,27850000,latemid
chr17,29000000,29300000,early
chr17,29800000,29950000,earlymid
chr17,31500000,31850000,earlymid
chr17,33900000,34100000,late
chr17,35250000,35450000,earlymid
chr17,36000000,36100000,late
chr17,36950000,37000000,earlymid
chr17,37100000,37200000,earlymid
chr17,37800000,37850000,earlymid
chr17,37950000,38050000,earlymid
chr17,38150000,38200000,earlymid
chr17,38900000,39550000,early
chr17,39750000,39950000,early
chr17,40300000,40400000,early
chr17,40900000,41100000,late
chr17,41150000,41250000,latemid
chr17,42750000,42900000,early
chr17,43050000,43150000,early
chr17,43400000,43750000,earlymid
chr17,44400000,44700000,early
chr17,44950000,45150000,early
chr17,45300000,45400000,late
chr17,45800000,45950000,earlymid
chr17,46050000,46150000,late
chr17,46550000,46650000,earlymid
chr17,46800000,46950000,earlymid
chr17,47200000,47350000,earlymid
chr17,47700000,47800000,early
chr17,48250000,48850000,earlymid
chr17,49100000,49200000,earlymid
chr17,50200000,50450000,early
chr17,50950000,51100000,earlymid
chr17,52700000,53750000,late
chr17,56000000,56150000,late
chr17,57350000,57550000,earlymid
chr17,58150000,58350000,earlymid
chr17,58750000,59100000,earlymid
chr17,59500000,59550000,earlymid
chr17,60950000,61150000,latemid
chr17,61700000,61800000,earlymid
chr17,61950000,62300000,earlymid
chr17,62950000,63200000,latemid
chr17,63800000,64450000,earlymid
chr17,65300000,65550000,earlymid
chr17,65800000,66000000,latemid
chr17,66550000,66650000,latemid
chr17,67400000,67600000,early
chr17,69700000,70350000,late
chr17,71650000,71750000,late
chr17,73750000,73950000,latemid
chr17,75200000,75600000,early
chr17,76150000,76400000,early
chr17,76800000,77100000,earlymid
chr17,77650000,77750000,latemid
chr17,78550000,78700000,earlymid
chr17,79300000,79500000,latemid
chr17,80600000,80750000,earlymid
chr17,83200000,83250000,earlymid
chr18,0,300000,latemid
chr18,1650000,1900000,late
chr18,2900000,3150000,earlymid
chr18,6300000,6350000,late
chr18,8000000,8300000,late
chr18,8750000,8800000,latemid
chr18,9150000,9250000,latemid
chr18,10900000,11200000,late
chr18,13300000,13600000,latemid
chr18,14000000,14050000,late
chr18,15300000,15400000,late
chr18,16200000,16250000,late
chr18,16450000,16500000,late
chr18,16650000,16850000,latemid
chr18,16950000,17050000,latemid
chr18,17500000,17650000,late
chr18,17750000,17800000,latemid
chr18,17900000,18250000,latemid
chr18,18300000,18700000,latemid
chr18,19450000,19500000,late
chr18,20400000,20450000,late
chr18,20550000,20700000,late
chr18,21300000,21350000,earlymid
chr18,22250000,22500000,latemid
chr18,24100000,24300000,earlymid
chr18,25150000,25500000,late
chr18,27150000,30500000,late
chr18,32950000,34300000,late
chr18,35550000,35850000,latemid
chr18,36850000,37000000,late
chr18,38200000,38250000,late
chr18,38950000,39150000,late
chr18,39600000,39950000,late
chr18,40650000,41250000,late
chr18,41350000,41400000,late
chr18,41450000,41500000,late
chr18,42050000,42100000,late
chr18,43650000,43900000,late
chr18,44100000,44500000,late
chr18,47350000,47600000,late
chr18,48200000,48300000,latemid
chr18,49250000,49350000,earlymid
chr18,49950000,50050000,latemid
chr18,50550000,50700000,latemid
chr18,51700000,53550000,late
chr18,54600000,54700000,late
chr18,56450000,56700000,late
chr18,58150000,58350000,latemid
chr18,59400000,59700000,late
chr18,60800000,61350000,late
chr18,61650000,61850000,late
chr18,62850000,62900000,latemid
chr18,64650000,68350000,late
chr18,69000000,69050000,late
chr18,71850000,72500000,late
chr18,73050000,73350000,late
chr18,73500000,73600000,late
chr18,74700000,74900000,late
chr18,75800000,76000000,late
chr18,76850000,77000000,latemid
chr18,77700000,78500000,late
chr18,78600000,78650000,late
chr18,79150000,79350000,late
chr18,80150000,80200000,earlymid
chr19,0,150000,latemid
chr19,1600000,1850000,early
chr19,2300000,2400000,early
chr19,2650000,2950000,early
chr19,3750000,3950000,early
chr19,4250000,4500000,early
chr19,4650000,4800000,early
chr19,5250000,5550000,earlymid
chr19,6050000,6300000,earlymid
chr19,6950000,7250000,earlymid
chr19,7950000,8200000,early
chr19,9250000,9450000,late
chr19,10700000,10900000,early
chr19,12050000,12200000,late
chr19,13450000,13550000,earlymid
chr19,14150000,14250000,early
chr19,14850000,15050000,earlymid
chr19,15550000,15750000,earlymid
chr19,16800000,16950000,earlymid
chr19,17550000,17700000,early
chr19,17850000,18200000,early
chr19,20500000,20700000,late
chr19,21650000,21800000,late
chr19,21950000,22100000,late
chr19,22250000,23150000,late
chr19,23600000,23750000,late
chr19,23950000,24100000,late
chr19,24200000,24400000,late
chr19,24800000,24950000,late
chr19,28450000,28500000,late
chr19,30800000,31750000,late
chr19,33600000,33750000,latemid
chr19,34700000,34900000,latemid
chr19,36550000,37450000,late
chr19,38450000,38850000,early
chr19,39050000,39350000,early
chr19,39700000,39950000,earlymid
chr19,40900000,41050000,earlymid
chr19,41500000,41600000,latemid
chr19,41700000,41750000,earlymid
chr19,42900000,43100000,latemid
chr19,44150000,44250000,latemid
chr19,45000000,45350000,early
chr19,46150000,46350000,earlymid
chr19,47450000,47700000,early
chr19,47900000,48150000,earlymid
chr19,49250000,49400000,early
chr19,50000000,50300000,earlymid
chr19,50600000,50700000,earlymid
chr19,52100000,52150000,late
chr19,52250000,52750000,late
chr19,52850000,52900000,late
chr19,53000000,53450000,late
chr19,54550000,54700000,latemid
chr19,55000000,55250000,early
chr19,55950000,56050000,latemid
chr19,56550000,57000000,late
chr19,57700000,57850000,late
chr19,58550000,58600000,early
chr20,650000,1250000,earlymid
chr20,1600000,2350000,latemid
chr20,3350000,3650000,earlymid
chr20,4400000,4500000,latemid
chr20,5300000,5700000,earlymid
chr20,6900000,7550000,late
chr20,8450000,8600000,late
chr20,9650000,9800000,late
chr20,12050000,12750000,late
chr20,14600000,14850000,late
chr20,15200000,15800000,late
chr20,16800000,17050000,late
chr20,17800000,17950000,earlymid
chr20,18100000,18450000,earlymid
chr20,19000000,19550000,late
chr20,20500000,20600000,late
chr20,21900000,22100000,late
chr20,22450000,22950000,late
chr20,23500000,23600000,late
chr20,24150000,24400000,late
chr20,26050000,26350000,late
chr20,26900000,27000000,late
chr20,27550000,27600000,late
chr20,27750000,27800000,late
chr20,28350000,28400000,late
chr20,28900000,29050000,late
chr20,29450000,29750000,late
chr20,30450000,30550000,late
chr20,31050000,31250000,late
chr20,31900000,32150000,earlymid
chr20,33100000,33150000,earlymid
chr20,33900000,34150000,earlymid
chr20,34400000,35200000,early
chr20,36200000,36400000,earlymid
chr20,36700000,36850000,early
chr20,37650000,37850000,earlymid
chr20,38250000,38300000,earlymid
chr20,39800000,40150000,late
chr20,42100000,42850000,late
chr20,43850000,44250000,earlymid
chr20,44950000,45050000,earlymid
chr20,45450000,45700000,earlymid
chr20,46600000,46950000,latemid
chr20,48000000,48400000,late
chr20,49350000,49850000,earlymid
chr20,51150000,51300000,latemid
chr20,52650000,53000000,late
chr20,53700000,53800000,latemid
chr20,55000000,55700000,late
chr20,56800000,57050000,latemid
chr20,57750000,58100000,late
chr20,58500000,58800000,latemid
chr20,59600000,59800000,late
chr20,60400000,61100000,late
chr20,62450000,62600000,early
chr20,63000000,63250000,earlymid
chr20,63650000,64000000,early
chr20,64350000,64400000,earlymid
chr21,5000000,5150000,earlymid
chr21,5200000,5250000,late
chr21,5400000,5450000,late
chr21,6550000,6650000,late
chr21,6950000,7050000,late
chr21,7250000,7400000,late
chr21,7700000,7800000,latemid
chr21,8050000,8100000,late
chr21,8150000,8200000,late
chr21,8550000,8650000,late
chr21,8750000,8850000,late
chr21,9050000,9150000,late
chr21,9450000,10300000,late
chr21,13550000,13650000,late
chr21,14750000,14950000,late
chr21,15000000,15150000,late
chr21,16250000,16900000,late
chr21,17550000,17600000,latemid
chr21,22100000,22200000,late
chr21,26000000,26100000,late
chr21,26900000,27900000,late
chr21,27950000,28100000,late
chr21,30150000,30300000,late
chr21,31950000,32050000,latemid
chr21,32900000,33150000,earlymid
chr21,34100000,34350000,latemid
chr21,35400000,35750000,late
chr21,36450000,36950000,earlymid
chr21,37900000,38450000,late
chr21,40300000,40750000,late
chr21,42200000,42400000,latemid
chr21,43200000,43450000,earlymid
chr21,44100000,44200000,earlymid
chr21,44550000,44750000,earlymid
chr21,45650000,45900000,earlymid
chr22,10550000,10700000,late
chr22,10800000,10850000,late
chr22,11050000,11250000,late
chr22,11400000,11500000,late
chr22,11800000,11900000,late
chr22,12000000,12250000,late
chr22,12650000,12800000,late
chr22,12900000,12950000,late
chr22,15100000,15150000,late
chr22,15350000,15900000,late
chr22,16250000,16350000,late
chr22,17200000,17450000,earlymid
chr22,18250000,18350000,latemid
chr22,18650000,18800000,earlymid
chr22,19250000,19650000,early
chr22,20600000,20750000,earlymid
chr22,21050000,21350000,earlymid
chr22,22650000,22850000,latemid
chr22,23200000,23250000,earlymid
chr22,24000000,24150000,early
chr22,25050000,25450000,earlymid
chr22,25950000,26200000,late
chr22,26950000,27400000,late
chr22,28250000,28300000,latemid
chr22,29950000,30050000,earlymid
chr22,30850000,31050000,earlymid
chr22,33400000,33900000,late
chr22,35550000,35750000,earlymid
chr22,36700000,36950000,earlymid
chr22,38850000,39200000,early
chr22,39800000,39950000,earlymid
chr22,40250000,40500000,earlymid
chr22,42000000,42050000,early
chr22,42200000,43000000,early
chr22,43550000,43750000,latemid
chr22,44100000,44450000,latemid
chr22,44900000,45100000,earlymid
chr22,48200000,48750000,late
chr22,50000000,50250000,early
